Date,Open,High,Low,Close,Adj Close,Volume,OpenA,HighA,LowA,CloseA,Adj CloseA,VolumeA,OpenB,HighB,LowB,CloseB,Adj CloseB,VolumeB,OpenC,HighC,LowC,CloseC,Adj CloseC,VolumeC
2020-01-02,424.5,430.700012,421.709991,430.26001,430.26001,9532100,1875,1898.01001,1864.150024,1898.01001,1898.01001,4029000,4260.089844,4297.549805,4203.350098,4230,4224.051758,400,2068.399902,2077.409912,2053.219971,2074.580078,2074.580078,329000
2020-01-03,440.5,454,436.920013,443.01001,443.01001,17778500,1864.5,1886.199951,1864.5,1874.969971,1874.969971,3764400,4293.5,4293.5,4200.02002,4206.810059,4200.894043,300,2042.469971,2067.689941,2035,2065.47998,2065.47998,294000
2020-01-06,440.470001,451.559998,440,451.540009,451.540009,10133000,1860,1903.689941,1860,1902.880005,1902.880005,4061800,4163.009766,4230,4163.009766,4185.649902,4179.763672,400,2050,2059.790039,2035,2047.400024,2047.400024,384000
2020-01-07,461.399994,471.630005,453.359985,469.059998,469.059998,17882100,1904.5,1913.890015,1892.040039,1906.859985,1906.859985,4044900,4229.990234,4229.990234,4181,4200.049805,4194.143555,200,2047.390015,2072.830078,2038.540039,2068.050049,2068.050049,345300
2020-01-08,473.700012,498.48999,468.230011,492.140015,492.140015,31144300,1898.040039,1911,1886.439941,1891.969971,1891.969971,3508000,4200.009766,4229.990234,4155.100098,4178,4172.124512,400,2066.840088,2088.659912,2057.139893,2062.899902,2062.899902,325800
2020-01-09,497.100006,498.799988,472.869995,481.339996,481.339996,28440400,1909.890015,1917.819946,1895.800049,1901.050049,1901.050049,3167300,4203,4213.600098,4150,4197.370117,4191.467773,300,2072,2090,2072,2084.290039,2084.290039,273800
2020-01-10,481.790009,484.940002,473.700012,478.149994,478.149994,12959500,1905.369995,1906.939941,1880,1883.160034,1883.160034,2853700,4199.180176,4206,4140,4160,4154.150391,700,2088.370117,2094,2076.939941,2086.899902,2086.899902,198500
2020-01-13,493.5,525.630005,492,524.859985,524.859985,26517600,1891.310059,1898,1880.800049,1891.300049,1891.300049,2780800,4159,4189,4125.049805,4138.189941,4132.370605,200,2090.25,2090.25,2073.01001,2080.5,2080.5,254900
2020-01-14,544.26001,547.409973,524.900024,537.919983,537.919983,28996200,1885.880005,1887.109985,1858.550049,1869.439941,1869.439941,3440900,4177.490234,4179.959961,4120,4120,4114.206055,400,2074.600098,2086,2067.159912,2071.47998,2071.47998,331700
2020-01-15,529.76001,537.840027,516.789978,518.5,518.5,17368800,1872.25,1878.859985,1855.089966,1862.02002,1862.02002,2896600,4114.009766,4160,4114.009766,4140,4134.178223,200,2073.560059,2083.98999,2061.379883,2065.159912,2065.159912,309000
2020-01-16,493.75,514.460022,492.170013,513.48999,513.48999,21736700,1882.98999,1885.589966,1866.02002,1877.939941,1877.939941,2659500,4154.620117,4215,4120,4200,4194.09375,400,2073.01001,2073.01001,2040.969971,2054.75,2054.75,546800
2020-01-17,507.609985,515.669983,503.160004,510.5,510.5,13629100,1885.890015,1886.640015,1857.25,1864.719971,1864.719971,3997300,4215,4235,4155.02002,4235,4229.044434,400,2060,2064.040039,2046.910034,2054.689941,2054.689941,470800
2020-01-21,530.25,548.580017,528.409973,547.200012,547.200012,17803500,1865,1894.27002,1860,1892,1892,3707800,4235,4250,4171.189941,4200,4194.09375,300,2006,2014.51001,1963.869995,1990.569946,1990.569946,711700
2020-01-22,571.890015,594.5,559.099976,569.559998,569.559998,31369000,1896.089966,1902.5,1883.339966,1887.459961,1887.459961,3216300,4200,4245,4150,4150,4144.164063,300,2004.329956,2014.23999,1992.040039,2000.780029,2000.780029,357300
2020-01-23,564.25,582,555.599976,572.200012,572.200012,19651000,1885.109985,1889.97998,1872.76001,1884.579956,1884.579956,2484600,4150,4184.600098,4127.77002,4127.77002,4121.965332,200,1986.23999,2006.390015,1975.119995,1993.199951,1993.199951,368500
2020-01-24,570.630005,573.859985,554.26001,564.820007,564.820007,14353600,1891.369995,1894.98999,1847.439941,1861.640015,1861.640015,3766200,4144.100098,4177.77002,4110,4120,4114.206055,500,1998,2000.810059,1954.73999,1962.959961,1962.959961,580400
2020-01-27,541.98999,564.440002,539.280029,558.02002,558.02002,13608100,1820,1841,1815.339966,1828.339966,1828.339966,3528500,4094.850098,4140,4029.790039,4029.790039,4024.123291,200,1906.410034,1917.900024,1868.040039,1908.890015,1908.890015,708900
2020-01-28,568.48999,576.809998,558.080017,566.900024,566.900024,11788500,1840.5,1858.109985,1830.02002,1853.25,1853.25,2808000,4048.870117,4121.419922,4029.790039,4029.790039,4024.123291,200,1914.670044,1937.02002,1900,1917.449951,1917.449951,512500
2020-01-29,575.690002,589.799988,567.429993,580.98999,580.98999,17801500,1864,1874.75,1855.02002,1858,1858,2088000,4040,4060.98999,3901,3945.97998,3940.430908,1000,1924.040039,1933.040039,1890.089966,1893.949951,1893.949951,445200
2020-01-30,632.419983,650.880005,618,640.809998,640.809998,29005700,1858,1872.869995,1850.609985,1870.680054,1870.680054,6327400,3922.340088,3955,3882.889893,3885.02002,3879.556885,300,1871.420044,1885.51001,1858.859985,1872.089966,1872.089966,588900
2020-01-31,640,653,632.52002,650.570007,650.570007,15719300,2051.469971,2055.719971,2002.27002,2008.719971,2008.719971,15567300,3939.75,3961,3813,3855.610107,3850.188232,400,1865.930054,1865.930054,1820.439941,1830.550049,1830.550049,717800
2020-02-03,673.690002,786.140015,673.52002,780,780,47233500,2010.599976,2048.5,2000.25,2004.199951,2004.199951,5899100,3950,3950,3856.040039,3860.300049,3854.871582,800,1838.869995,1858.160034,1830.050049,1839.030029,1839.030029,634600
2020-02-04,882.960022,968.98999,833.880005,887.059998,887.059998,60938800,2029.880005,2059.800049,2015.369995,2049.669922,2049.669922,5289300,3888,3950,3875,3900,3894.515625,500,1857.060059,1895.5,1848.180054,1864.51001,1864.51001,662600
2020-02-05,823.26001,845.97998,704.109985,734.700012,734.700012,48423800,2071.02002,2071.02002,2032,2039.869995,2039.869995,4376200,3899,3959.97998,3890.01001,3900.879883,3895.394287,400,1898.699951,1943.97998,1882.709961,1939.290039,1939.290039,552300
2020-02-06,699.919983,795.830017,687,748.960022,748.960022,39880800,2041.02002,2056.300049,2024.800049,2050.22998,2050.22998,3183000,3861,3950,3861,3862.01001,3856.579102,500,1958.900024,1972,1937.01001,1960.900024,1960.900024,412000
2020-02-07,730.549988,769.75,730,748.070007,748.070007,17063500,2041.98999,2098.530029,2038.099976,2079.280029,2079.280029,5095300,3850,3919.98999,3850,3872,3866.555176,200,1950.22998,1960,1904.160034,1909.589966,1909.589966,449500
2020-02-10,800,819.98999,752.400024,771.280029,771.280029,24689200,2085.01001,2135.600098,2084.959961,2133.909912,2133.909912,5056200,3870,3878,3815.629883,3815.629883,3810.26416,200,1901.689941,1912.589966,1883,1886.640015,1886.640015,470200
2020-02-11,768.789978,783.51001,758,774.380005,774.380005,11697500,2150.899902,2185.949951,2136,2150.800049,2150.800049,5746000,3859,3888,3816.379883,3825.02002,3819.641113,400,1894.47998,1918.890015,1892.619995,1909.300049,1909.300049,408900
2020-02-12,777.869995,789.75,763.369995,767.289978,767.289978,12022500,2163.199951,2180.25,2155.290039,2160,2160,3334300,3831.850098,3865,3801.01001,3825,3819.621094,300,1923.949951,1967,1911.209961,1960.359985,1960.359985,473200
2020-02-13,741.840027,818,735,804,804,26289300,2144.98999,2170.280029,2142,2149.870117,2149.870117,3031800,3858,3858,3790,3791.030029,3785.69873,300,1944,1960.880005,1929.099976,1959.939941,1959.939941,388800
2020-02-14,787.219971,812.969971,785.5,800.030029,800.030029,15693700,2155.679932,2159.040039,2125.889893,2134.870117,2134.870117,2606200,3799.209961,3800,3790,3795,3789.66333,200,1998.439941,2024.880005,1984.660034,1990.959961,1990.959961,535900
2020-02-18,841.599976,860,832.359985,858.400024,858.400024,16381700,2125.02002,2166.070068,2124.110107,2155.669922,2155.669922,2945600,3765.850098,3811.080078,3751.01001,3765.01001,3759.715576,1600,1972.25,1988.189941,1961.949951,1976.280029,1976.280029,363500
2020-02-19,923.5,944.780029,901.02002,917.419983,917.419983,25423000,2167.800049,2185.100098,2161.120117,2170.219971,2170.219971,2561200,3778.25,3840,3767,3799,3793.657471,1000,1982.76001,1989.98999,1962.319946,1968.48999,1968.48999,241300
2020-02-20,911.950012,912,859.940002,899.409973,899.409973,17634900,2173.070068,2176.790039,2127.449951,2153.100098,2153.100098,3131300,3840,3962.669922,3830,3930,3924.473633,700,1960,1987.76001,1956.390015,1970.910034,1970.910034,359200
2020-02-21,906.97998,913.059998,880.450012,901,901,14314800,2142.149902,2144.550049,2088,2095.969971,2095.969971,4646300,3900.02002,3981.679932,3900.02002,3947.51001,3941.958984,600,1965,1968.099976,1922.160034,1928.719971,1928.719971,358500
2020-02-24,839,863.5,822.200012,833.789978,833.789978,15192200,2003.180054,2039.300049,1987.969971,2009.290039,2009.290039,6547000,3882.679932,3940,3756,3787.949951,3782.623047,500,1830.930054,1835.5,1777.880005,1792.540039,1792.540039,886000
2020-02-25,849,856.599976,787,799.909973,799.909973,17290500,2026.420044,2034.599976,1958.420044,1972.73999,1972.73999,6219100,3815,3879.919922,3575,3608.929932,3603.85498,1400,1803,1811.310059,1711.01001,1726.579956,1726.579956,958300
2020-02-26,782.5,813.309998,776.109985,778.799988,778.799988,14085500,1970.280029,2014.670044,1960.449951,1979.589966,1979.589966,5224600,3599,3599.969971,3410,3444.98999,3440.145508,1000,1731.219971,1742.939941,1659.640015,1678.199951,1678.199951,903300
2020-02-27,730,739.77002,669,679,679,24149300,1934.380005,1975,1882.76001,1884.300049,1884.300049,8112100,3400,3556.77002,3400,3510,3505.064209,900,1612.97998,1730,1592.449951,1659.849976,1659.849976,1338000
2020-02-28,629.700012,690.52002,611.52002,667.98999,667.98999,24564200,1814.630005,1889.76001,1811.130005,1883.75,1883.75,9493800,3523.22998,3575,3400,3415,3412.385254,1000,1643.640015,1718,1634.540039,1695.660034,1695.660034,977000
2020-03-02,711.26001,743.690002,686.669983,743.619995,743.619995,20195000,1906.48999,1954.51001,1870,1953.949951,1953.949951,6761700,3491,3600,3403.949951,3537.540039,3534.831299,900,1709.75,1732.920044,1651.76001,1728.97998,1728.97998,869200
2020-03-03,805,806.97998,716.109985,745.51001,745.51001,25784000,1975.369995,1996.329956,1888.089966,1908.98999,1908.98999,7534500,3537.540039,3611.25,3370.5,3418.840088,3416.222412,1200,1726.630005,1749.98999,1646.930054,1683.02002,1683.02002,704300
2020-03-04,763.960022,766.52002,724.72998,749.5,749.5,15049000,1946.569946,1978,1922,1975.829956,1975.829956,4772900,3464.98999,3755,3418.840088,3573.110107,3570.374268,900,1697.150024,1736.890015,1671.23999,1732.130005,1732.130005,593500
2020-03-05,723.77002,745.75,718.070007,724.539978,724.539978,10852700,1933,1960.719971,1910,1924.030029,1924.030029,4748200,3539.98999,3539.98999,3361,3398.01001,3395.408203,1300,1662.98999,1680.040039,1632.579956,1647.439941,1647.439941,788800
2020-03-06,690,707,684.27002,703.47998,703.47998,12662900,1875,1910.869995,1869.5,1901.089966,1901.089966,5273600,3381.600098,3474,3250,3296.310059,3293.786133,800,1603.089966,1684,1584,1612.089966,1612.089966,1077500
2020-03-09,605.390015,663,605,608,608,17073700,1773.859985,1862.77002,1761.290039,1800.609985,1800.609985,7813200,3162,3322.47998,3063,3199.97998,3197.529785,2400,1483.98999,1588.670044,1476.51001,1527.800049,1527.800049,770300
2020-03-10,659.429993,668,608,645.330017,645.330017,15594400,1870.880005,1894.27002,1818.170044,1891.819946,1891.819946,7133300,3199.98999,3265,3090.610107,3169.649902,3167.2229,900,1589.949951,1615,1499.939941,1559,1559,742000
2020-03-11,640.200012,653.580017,613,634.22998,634.22998,13322500,1857.849976,1871.319946,1801.5,1820.859985,1820.859985,5624800,3150,3270.97998,3000,3076.209961,3073.854492,800,1522.290039,1528.530029,1420.560059,1442.5,1442.5,829800
2020-03-12,580.890015,594.5,546.25,560.549988,560.549988,18909100,1721.97998,1765,1675,1676.609985,1676.609985,11346200,2950,3100,2800,3009.439941,3007.135742,4400,1297,1369.98999,1280,1280.400024,1280.400024,1282100
2020-03-13,595,607.570007,502,546.619995,546.619995,22640300,1755,1786.310059,1680.619995,1785,1785,8809700,3011.050049,3084,2766.51001,2915.01001,2912.778076,1800,1336.800049,1421.670044,1270.869995,1421.329956,1421.329956,1153100
2020-03-16,469.5,494.869995,442.170013,445.070007,445.070007,20489500,1641.51001,1759.449951,1626.030029,1689.150024,1689.150024,8917300,2750,2850,2614.139893,2711.810059,2709.733643,1000,1275,1411.829956,1252.219971,1289.670044,1289.670044,986900
2020-03-17,440.01001,471.850006,396,430.200012,430.200012,23994600,1775.469971,1857.780029,1689.23999,1807.839966,1807.839966,10917100,2732,3076.370117,2711,3051.97998,3049.643066,1400,1309.560059,1370.52002,1252.910034,1368.26001,1368.26001,1080100
2020-03-18,389,404.859985,350.51001,361.220001,361.220001,23786200,1750,1841.660034,1745,1830,1830,9645200,2985,2985,2685,2740.01001,2737.912109,1300,1277.859985,1327.089966,1165.02002,1233.75,1233.75,933400
2020-03-19,374.700012,452,358.459991,427.640015,427.640015,30195500,1860,1945,1832.650024,1880.930054,1880.930054,10399900,2734.340088,2788.879883,2650.02002,2690,2687.94043,1500,1211.160034,1236.640015,1150,1191.47998,1191.47998,980600
2020-03-20,438.200012,477,425.790009,427.529999,427.529999,28285500,1926.310059,1957,1820.72998,1846.089966,1846.089966,9817900,2665.649902,2803.97998,2656.639893,2656.639893,2654.605713,2400,1216.339966,1299.949951,1157.410034,1177.430054,1177.430054,1146500
2020-03-23,433.600006,442,410.5,434.290009,434.290009,16454500,1827.75,1919.400024,1812,1902.829956,1902.829956,7808500,2765,2796.090088,2614,2734.330078,2732.236572,1600,1166.97998,1226.140015,1107.290039,1152.23999,1152.23999,859900
2020-03-24,477.299988,513.690002,474,505,505,22895200,1951.5,1955,1900.339966,1940.099976,1940.099976,7147100,2840,2850,2700,2740.850098,2738.751465,1600,1218.619995,1279,1200.579956,1259.469971,1259.469971,854000
2020-03-25,545.25,557,511.109985,539.25,539.25,21222700,1920.689941,1950.26001,1885.780029,1885.839966,1885.839966,6479100,2760,2970,2686.590088,2799.25,2797.106689,900,1259.469971,1449.47998,1246.949951,1365.849976,1365.849976,998700
2020-03-26,547.390015,560,512.25,528.159973,528.159973,17380700,1902,1956.48999,1889.290039,1955.48999,1955.48999,6221300,2899.98999,2929.969971,2800,2845,2842.821533,700,1380.329956,1429.47998,1353.52002,1406,1406,616500
2020-03-27,505,525.799988,494.029999,514.359985,514.359985,14377400,1930.859985,1939.790039,1899.920044,1900.099976,1900.099976,5387900,2840,2860,2750,2836.719971,2834.547852,1100,1344.869995,1355.459961,1253.609985,1255.150024,1255.150024,701500
2020-03-30,510.26001,516.650024,491.230011,502.130005,502.130005,11998100,1922.829956,1973.630005,1912.339966,1963.949951,1963.949951,6126100,2826.850098,2869.23999,2750.629883,2855.969971,2853.783203,800,1261.27002,1321.890015,1216.97998,1308.22998,1308.22998,600800
2020-03-31,501.25,542.960022,497,524,524,17771500,1964.349976,1993.02002,1944.01001,1949.719971,1949.719971,5123600,2852.129883,2857,2800.02002,2812.800049,2810.64624,500,1303.01001,1390.390015,1296.01001,1345.319946,1345.319946,770300
2020-04-01,504,513.950012,475.100006,481.559998,481.559998,13353200,1932.969971,1944.959961,1893,1907.699951,1907.699951,4121900,2800,2850,2725.02002,2813.429932,2811.275635,1200,1293.810059,1328.339966,1248.180054,1271.630005,1271.630005,562800
2020-04-02,481.029999,494.26001,446.399994,454.470001,454.470001,19858400,1901.640015,1927.530029,1890,1918.829956,1918.829956,4336000,2730,2824.97998,2716.689941,2728.340088,2726.250977,1400,1270.969971,1334.98999,1241.219971,1260,1260,573800
2020-04-03,509.5,515.48999,468.390015,480.01001,480.01001,22562100,1911.150024,1926.329956,1889.150024,1906.589966,1906.589966,3609900,2711.01001,2799.97998,2624.060059,2744.360107,2742.258789,1700,1244.180054,1279.160034,1203.079956,1230.680054,1230.680054,442300
2020-04-06,511.200012,521,497.959991,516.23999,516.23999,14901800,1936,1998.52002,1930.02002,1997.589966,1997.589966,5773200,2706.01001,2794,2700,2784.810059,2782.677734,1300,1303.280029,1363.349976,1292.810059,1356.680054,1356.680054,751500
2020-04-07,545,565,532.340027,545.450012,545.450012,17919800,2017.109985,2035.719971,1997.619995,2011.599976,2011.599976,5114000,2811.01001,3073.98999,2785,2981,2978.717529,4100,1412.01001,1495,1366.790039,1376.369995,1376.369995,783400
2020-04-08,554.200012,557.210022,533.330017,548.840027,548.840027,12656000,2021,2044,2011.150024,2043,2043,3977300,3044.98999,3059.47998,2950.030029,3029.97998,3027.659912,800,1382.650024,1428.719971,1360.01001,1372.060059,1372.060059,780900
2020-04-09,562.090027,575.179993,557.109985,573,573,13650000,2044.300049,2053,2017.660034,2042.76001,2042.76001,4655600,3040,3348.090088,2950,3348.090088,3345.526611,1300,1424.76001,1450,1403,1420.640015,1420.640015,1032800
2020-04-13,590.159973,652,580.530029,650.950012,650.950012,22475400,2040,2180,2038,2168.870117,2168.870117,6716700,3400,3404.01001,3200,3285.689941,3283.174072,2800,1413.189941,1428.01001,1368.390015,1421.01001,1421.01001,404400
2020-04-14,698.969971,741.880005,692.429993,709.890015,709.890015,30576500,2200.469971,2292,2186.209961,2283.320068,2283.320068,8087200,3298.97998,3299,3063,3084.52002,3082.158203,3000,1460.089966,1469.959961,1424,1449.420044,1449.420044,579000
2020-04-15,742,753.130005,710,729.830017,729.830017,23577000,2257.679932,2333.370117,2245,2307.679932,2307.679932,6866600,3159.840088,3176.51001,2955,2990,2987.710693,1800,1407.839966,1440,1390.670044,1424.609985,1424.609985,452800
2020-04-16,716.940002,759.450012,706.719971,745.210022,745.210022,20657900,2346,2461,2335,2408.189941,2408.189941,12038200,3020,3098.830078,2925,2985.23999,2982.954346,1900,1432.349976,1432.349976,1391.02002,1407.400024,1407.400024,488400
2020-04-17,772.280029,774.950012,747.659973,753.890015,753.890015,13128200,2372.330078,2400,2316.02002,2375,2375,7930000,3001,3100,2985.23999,2997,2994.705322,800,1469,1484.660034,1450.189941,1470.869995,1470.869995,691300
2020-04-20,732.700012,765.570007,712.210022,746.359985,746.359985,14746600,2389.949951,2444.97998,2386.050049,2393.610107,2393.610107,5770700,2940,3055,2940,3021.01001,3018.696777,800,1462.050049,1470,1410,1411.630005,1411.630005,459200
2020-04-21,730.119995,753.330017,673.789978,686.719971,686.719971,20209100,2416.610107,2428.310059,2279.659912,2328.120117,2328.120117,7476700,2983,3050,2900,3015,3012.691406,600,1382.810059,1387.73999,1317.400024,1342.219971,1342.219971,652700
2020-04-22,703.97998,734,688.710022,732.109985,732.109985,14224800,2369,2394,2351,2363.48999,2363.48999,4218300,3099.98999,3099.98999,2940,3000,2997.702881,500,1365.01001,1379.98999,1342,1355,1355,356600
2020-04-23,727.599976,734,703.130005,705.630005,705.630005,13236700,2399.97998,2424.219971,2382.080078,2399.449951,2399.449951,5066600,3051.27002,3055,2976.620117,2980,2977.718262,500,1354.050049,1388.98999,1350.790039,1360,1360,372700
2020-04-24,710.809998,730.72998,698.179993,725.150024,725.150024,13237600,2417,2420.429932,2382,2410.219971,2410.219971,3831800,2945,2990,2935,2950,2947.741211,300,1372.390015,1374.579956,1338.660034,1362.77002,1362.77002,334500
2020-04-27,737.609985,799.48999,735,798.75,798.75,20681400,2443.199951,2444.879883,2363,2376,2376,5645600,2950.060059,3025,2950.060059,2999.719971,2997.423096,1000,1374.930054,1411.23999,1371.040039,1402.98999,1402.98999,456900
2020-04-28,795.640015,805,756.690002,769.119995,769.119995,15222000,2372.100098,2373.5,2306,2314.080078,2314.080078,5269400,3048.97998,3201.73999,3022.5,3200,3197.549805,1200,1434.199951,1463.650024,1410.800049,1439.319946,1439.319946,613500
2020-04-29,790.169983,803.200012,783.159973,800.51001,800.51001,16216000,2330.01001,2391.889893,2310,2372.709961,2372.709961,4591600,3155.550049,3299.709961,3150,3200,3197.549805,1000,1487.829956,1527.72998,1473.300049,1520.530029,1520.530029,703000
2020-04-30,855.190002,869.820007,763.5,781.880005,781.880005,28400100,2419.840088,2475,2396.01001,2474,2474,9415000,3249.98999,3249.98999,3011.100098,3011.100098,3008.794434,600,1514.530029,1520.420044,1464.780029,1480.569946,1480.569946,450900
2020-05-01,755,772.77002,683.039978,701.320007,701.320007,32531800,2336.800049,2362.439941,2258.189941,2286.040039,2286.040039,9772600,3028,3060,2957.76001,2966.48999,2964.218506,400,1442.75,1460.300049,1415.310059,1448.790039,1448.790039,458500
2020-05-04,701,762,698,761.190002,761.190002,19237100,2256.379883,2326.97998,2256.379883,2315.98999,2315.98999,4865900,2980,3000,2852,2900,2897.779541,1100,1415.72998,1445.319946,1388.51001,1413.300049,1413.300049,471400
2020-05-05,789.789978,798.919983,762.179993,768.210022,768.210022,16991700,2340,2351,2307.129883,2317.800049,2317.800049,3242500,2863.600098,2979.97998,2863.600098,2938.649902,2936.399902,600,1443.25,1446.359985,1383.859985,1393.199951,1393.199951,425900
2020-05-06,776.5,789.799988,761.109985,782.580017,782.580017,11123200,2329.439941,2357.449951,2320,2351.26001,2351.26001,3117800,2940,2997.98999,2890.01001,2890.01001,2890.01001,1100,1397.459961,1416.359985,1356,1378.910034,1378.910034,526600
2020-05-07,777.210022,796.400024,772.349976,780.039978,780.039978,11527700,2374.780029,2376,2343.110107,2367.610107,2367.610107,3396400,2939.98999,3054.969971,2918.01001,3020,3020,600,1392.26001,1448.589966,1382,1443.910034,1443.910034,654800
2020-05-08,793.77002,824,787.01001,819.419983,819.419983,16130100,2372.139893,2387.23999,2357,2379.610107,2379.610107,3211200,3058,3254.949951,3023,3217.01001,3217.01001,900,1440.98999,1444.25,1366.099976,1430.829956,1430.829956,877400
2020-05-11,790.51001,824,785,811.289978,811.289978,16471100,2374.699951,2419.669922,2372.110107,2409,2409,3253700,3206.51001,3246,3083.709961,3083.709961,3083.709961,700,1427.02002,1428.969971,1403.119995,1411,1411,564700
2020-05-12,827,843.289978,808,809.409973,809.409973,15906900,2411.850098,2419,2355,2356.949951,2356.949951,3074900,3104.360107,3125,3015,3027.889893,3027.889893,1000,1401.089966,1413.97998,1385.109985,1385.920044,1385.920044,506900
2020-05-13,820.830017,826,763.299988,790.960022,790.960022,19065500,2366.800049,2407.699951,2337.800049,2367.919922,2367.919922,4782900,3099.98999,3099.98999,2971.02002,3063.77002,3063.77002,500,1379.339966,1388.920044,1336.319946,1366.069946,1366.069946,780900
2020-05-14,780,803.359985,764,803.330017,803.330017,13682200,2361.01001,2391.370117,2353.209961,2388.850098,2388.850098,3648100,2950.030029,3037.699951,2920,2975.790039,2975.790039,500,1348.73999,1388.939941,1303.25,1382.51001,1382.51001,708700
2020-05-15,790.349976,805.049988,786.549988,799.169983,799.169983,10518400,2368.52002,2411,2356.370117,2409.780029,2409.780029,4235000,3000,3096,2950,3050.169922,3050.169922,700,1377.01001,1409.48999,1372.130005,1384.310059,1384.310059,632600
2020-05-18,827.780029,834.719971,803.880005,813.630005,813.630005,11698100,2404.350098,2433,2384.01001,2426.26001,2426.26001,4366600,3097.51001,3200,3050.169922,3192,3192,700,1430,1581.560059,1430,1557.430054,1557.430054,1322000
2020-05-19,815.169983,822.070007,806.080017,808.01001,808.01001,9636500,2429.830078,2485,2428.969971,2449.330078,2449.330078,4320500,3122,3200.459961,3005.02002,3040,3040,500,1556.290039,1598.829956,1544.160034,1547.560059,1547.560059,828400
2020-05-20,820.5,826,811.799988,815.559998,815.559998,7309300,2477.870117,2500.01001,2467.27002,2497.939941,2497.939941,3998100,3062.01001,3132.679932,3057,3131.300049,3131.300049,300,1578.52002,1605.73999,1578.199951,1599.150024,1599.150024,700000
2020-05-21,816,832.5,796,827.599976,827.599976,12254600,2500,2525.449951,2442.540039,2446.73999,2446.73999,5114400,3070,3149.98999,2977.399902,2992.050049,2992.050049,500,1605,1623.439941,1575.790039,1595.680054,1595.680054,631900
2020-05-22,822.169983,831.780029,812,816.880005,816.880005,9987500,2455.01001,2469.850098,2430.129883,2436.879883,2436.879883,2867100,2992,3025,2950.01001,2999,2999,1300,1591.73999,1637.290039,1584.650024,1631.300049,1631.300049,574600
2020-05-26,834.5,834.599976,815.710022,818.869995,818.869995,8089700,2458,2462,2414.060059,2421.860107,2421.860107,3568200,3011.01001,3090,2970.100098,2980,2980,500,1704.319946,1764.900024,1692.109985,1746.910034,1746.910034,1201000
2020-05-27,820.859985,827.710022,785,820.22998,820.22998,11549500,2404.98999,2413.580078,2330,2410.389893,2410.389893,5056900,3050,3050,2991.929932,2992.320068,2992.320068,600,1775.930054,1788,1692.609985,1698.72998,1698.72998,1017900
2020-05-28,813.51001,824.75,801.690002,805.809998,805.809998,7255600,2384.330078,2436.969971,2378.22998,2401.100098,2401.100098,3190200,3012.5,3070,2998,3000,3000,700,1695.589966,1708,1644.02002,1648.98999,1648.98999,664100
2020-05-29,808.75,835,804.210022,835,835,11812500,2415.939941,2442.370117,2398.199951,2442.370117,2442.370117,3529300,2952.909912,3019.209961,2933.48999,2940,2940,800,1657,1657,1618.430054,1639.420044,1639.420044,696800
2020-06-01,858,899,854.099976,898.099976,898.099976,14939500,2448,2476.929932,2444.169922,2471.040039,2471.040039,2928900,2956.77002,2999,2900.300049,2952.25,2952.25,600,1633.119995,1684.170044,1633.119995,1670.72998,1670.72998,490100
2020-06-02,894.700012,908.659973,871,881.559998,881.559998,13565600,2467,2473.530029,2445.310059,2472.409912,2472.409912,2529900,2967.629883,3025,2920,2952.709961,2952.709961,1300,1690,1692.050049,1653.579956,1655,1655,513600
2020-06-03,888.119995,897.940002,880.099976,882.960022,882.960022,7949500,2468.01001,2488,2461.169922,2478.399902,2478.399902,2671000,2972.23999,3025.100098,2940,3000,3000,500,1704.030029,1743.839966,1694.290039,1725.969971,1725.969971,597500
2020-06-04,889.880005,895.75,858.440002,864.380005,864.380005,8887700,2477.429932,2507.540039,2450.01001,2460.600098,2460.600098,2948700,3029.97998,3029.98999,2951,3015,3015,600,1714.900024,1749.180054,1706,1742.640015,1742.640015,502400
2020-06-05,877.840027,886.52002,866.200012,885.659973,885.659973,7811900,2444.51001,2488.649902,2437.129883,2483,2483,3306400,3039.98999,3099.97998,2991,3022.669922,3022.669922,700,1826.76001,1853.380005,1802.849976,1812.640015,1812.640015,1034400
2020-06-08,919,950,909.159973,949.919983,949.919983,14174700,2500.199951,2530,2487.340088,2524.060059,2524.060059,3970700,3099.98999,3298.100098,3010.01001,3193.550049,3193.550049,1100,1846.599976,1871.969971,1825.569946,1840.910034,1840.910034,672000
2020-06-09,940.01001,954.440002,923.929993,940.669983,940.669983,11388200,2529.439941,2626.429932,2525,2600.860107,2600.860107,5176000,3279.97998,3279.97998,3138,3146.379883,3146.379883,700,1808.069946,1818.339966,1770,1777.969971,1777.969971,450400
2020-06-10,991.880005,1027.47998,982.5,1025.050049,1025.050049,18563400,2645,2722.350098,2626.26001,2647.449951,2647.449951,4946000,3224.98999,3224.98999,3123.370117,3150,3150,500,1791.949951,1793,1717.719971,1733.310059,1733.310059,536400
2020-06-11,990.200012,1018.960022,972,972.840027,972.840027,15916500,2603.5,2671.379883,2536.22998,2557.959961,2557.959961,5800100,3122,3137.939941,3030.01001,3079.959961,3079.959961,700,1655.849976,1656.76001,1576.569946,1588.369995,1588.369995,920100
2020-06-12,980,987.97998,912.599976,935.280029,935.280029,16730200,2601.209961,2621.47998,2503.350098,2545.02002,2545.02002,5429600,3110.5,3140,3060,3093.209961,3093.209961,600,1653.569946,1663.98999,1572.839966,1623.920044,1623.920044,489400
2020-06-15,917.789978,998.840027,908.5,990.900024,990.900024,15697200,2526.600098,2584,2508,2572.679932,2572.679932,3865100,3003.050049,3148.449951,3003.050049,3050.120117,3050.120117,900,1567.660034,1664.930054,1555.01001,1650.670044,1650.670044,409800
2020-06-16,1011.849976,1012.880005,962.390015,982.130005,982.130005,14051100,2620,2620,2576,2615.27002,2615.27002,3585600,3136,3149.149902,3066,3130,3130,300,1716.319946,1721.849976,1641.75,1673.73999,1673.73999,454600
2020-06-17,987.710022,1005,982.570007,991.789978,991.789978,9869400,2647.5,2655,2631.820068,2640.97998,2640.97998,2951100,3138,3210.02002,3075.01001,3111.939941,3111.939941,600,1677.920044,1678.579956,1626.01001,1638.23999,1638.23999,355000
2020-06-18,1003,1019.200012,994.469971,1003.960022,1003.960022,9751900,2647.01001,2659.639893,2636.110107,2653.97998,2653.97998,2487800,3103.169922,3169.98999,3080.72998,3080.72998,3080.72998,700,1622.400024,1658,1590.930054,1628.349976,1628.349976,546600
2020-06-19,1012.780029,1015.969971,991.340027,1000.900024,1000.900024,8679700,2678.080078,2697.429932,2659,2675.01001,2675.01001,5777000,3076.01001,3136.060059,3075.899902,3087.01001,3087.01001,800,1654,1657.48999,1600,1626.910034,1626.910034,754200
2020-06-22,999.950012,1008.880005,990.02002,994.320007,994.320007,6362400,2684.5,2715,2669,2713.820068,2713.820068,3208800,3122.5,3150,3092.01001,3109.300049,3109.300049,600,1609.73999,1636.290039,1593.869995,1633.52002,1633.52002,333900
2020-06-23,998.880005,1012,994.01001,1001.780029,1001.780029,6365300,2726.02002,2783.110107,2718.040039,2764.409912,2764.409912,4231700,3164.98999,3164.98999,3044.370117,3051,3051,1600,1652.300049,1678.5,1640,1677.099976,1677.099976,363300
2020-06-24,994.109985,1000.880005,953.140015,960.849976,960.849976,10959600,2780,2796,2721,2734.399902,2734.399902,4526600,3094.97998,3094.97998,3000.02002,3000.02002,3000.02002,500,1660.709961,1669.77002,1582,1610.329956,1610.329956,597300
2020-06-25,954.27002,985.97998,937.150024,985.97998,985.97998,9254500,2739.550049,2756.22998,2712.139893,2754.580078,2754.580078,2968700,3005.01001,3017.5,2951.02002,2973.550049,2973.550049,600,1585.810059,1623.969971,1561.719971,1615.390015,1615.390015,498600
2020-06-26,994.780029,995,954.869995,959.73999,959.73999,8854900,2775.060059,2782.570068,2688,2692.870117,2692.870117,6500800,2986,2987.899902,2927.5,2952.469971,2952.469971,2000,1597.300049,1611.709961,1532.829956,1541.25,1541.25,601700
2020-06-29,969.01001,1010,948.52002,1009.349976,1009.349976,9026400,2690.01001,2696.800049,2630.080078,2680.379883,2680.379883,4223400,2997,3000.75,2922.219971,3000.75,3000.75,900,1567.77002,1595.300049,1540.47998,1593.219971,1593.219971,365800
2020-06-30,1006.5,1087.689941,1003.72998,1079.810059,1079.810059,16918500,2685.070068,2769.629883,2675.030029,2758.820068,2758.820068,3769700,3033,3033,2933.48999,2933.820068,2933.820068,700,1583.900024,1603.23999,1566.420044,1592.339966,1592.339966,293600
2020-07-01,1083,1135.329956,1080.5,1119.630005,1119.630005,13198300,2757.98999,2895,2754,2878.699951,2878.699951,6353900,2936.939941,2992.51001,2901.02002,2901.02002,2901.02002,700,1606.050049,1670,1601.140015,1658.790039,1658.790039,538800