Date,Open,High,Low,Close,Adj Close,Volume,Open,High,Low,Close,Adj Close1,Volume,Open,High,Low,Close,Adj Close2,Volume,Open,High,Low,Close,Adj Close3,Volume
2019-07-08,200.809998,201.399994,198.410004,200.020004,197.661011,25338600,378.190002,378.25,375.359985,376.160004,376.160004,3113400,195.190002,196.679993,193.639999,195.759995,195.759995,9723900,231.240005,232.25,228.660004,230.339996,230.339996,5880500
2019-07-09,199.199997,201.509995,198.809998,201.240005,198.866638,20578000,379.059998,384.76001,377.5,379.929993,379.929993,6932800,194.970001,199.460007,194.889999,199.210007,199.210007,14698600,228.970001,231,227.279999,230.059998,230.059998,6190800
2019-07-10,201.850006,203.729996,201.559998,203.229996,200.83316,17897100,382.769989,384.339996,362.679993,381,381,5878800,200,202.960007,199.669998,202.729996,202.729996,20571700,234.149994,238.940002,233.139999,238.919998,238.919998,9145700
2019-07-11,203.309998,204.389999,201.710007,201.75,199.370621,20191800,381.100006,384.540009,378.799988,379.5,379.5,4336300,203.259995,203.800003,200.210007,201.229996,201.229996,13678500,238.139999,241.5,235.800003,238.600006,238.600006,7514400
2019-07-12,202.449997,204,202.199997,203.300003,200.902344,17595200,378.679993,379.73999,372.790009,373.25,373.25,6636900,199.679993,205.300003,199.160004,204.869995,204.869995,15366300,239.75,245.380005,239.710007,245.080002,245.080002,9200500
2019-07-15,204.089996,205.869995,204,205.210007,202.78981,16947400,372.940002,373.679993,362.299988,366.600006,366.600006,7944700,204.25,205.330002,201.820007,203.910004,203.910004,16030300,248,254.419998,244.860001,253.5,253.5,11000100
2019-07-16,204.589996,206.110001,203.5,204.5,202.088181,16866800,370.089996,371.339996,364.920013,365.98999,365.98999,5863200,203.889999,205.470001,203.100006,203.839996,203.839996,12132700,249.300003,253.529999,247.929993,252.380005,252.380005,8149000
2019-07-17,204.050003,205.089996,203.270004,203.350006,200.951736,14107500,366.25,366.5,361.75,362.440002,362.440002,13639500,204.179993,204.360001,201.589996,201.800003,201.800003,12083700,255.669998,258.309998,253.350006,254.860001,254.860001,9764700
2019-07-18,204,205.880005,203.699997,205.660004,203.234497,18582200,323.76001,329.850006,320.299988,325.209991,325.209991,31305900,200.149994,202.470001,199.380005,200.779999,200.779999,11956600,255.050003,255.75,251.889999,253.539993,253.539993,4764500
2019-07-19,205.789993,206.5,202.360001,202.589996,200.200699,20929300,323.399994,325.850006,314.230011,315.100006,315.100006,16302500,202.179993,202.330002,198.070007,198.360001,198.360001,12098300,255.690002,259.959991,254.619995,258.179993,258.179993,7048400
2019-07-22,203.649994,207.229996,203.610001,207.220001,204.776108,22277900,312,314.540009,305.809998,310.619995,310.619995,17718000,199.910004,202.570007,198.809998,202.320007,202.320007,13589000,258.75,262.149994,254.190002,255.679993,255.679993,6842400
2019-07-23,208.460007,208.910004,207.289993,208.839996,206.376984,18355200,311.440002,313.5,306,307.299988,307.299988,9171100,202.839996,204.240005,200.960007,202.360001,202.360001,14583700,256.709991,260.480011,254.5,260.170013,260.170013,5023100
2019-07-24,207.669998,209.149994,207.169998,208.669998,206.209015,14991600,310.51001,319.98999,307.25,317.940002,317.940002,11961800,197.630005,204.809998,197.220001,204.660004,204.660004,32532500,259.170013,266.070007,258.160004,264.880005,264.880005,11072800
2019-07-25,208.889999,209.240005,206.729996,207.020004,204.578476,13909600,318.859985,327.690002,316.299988,326.459991,326.459991,10798500,206.699997,208.660004,198.259995,200.710007,200.710007,39889900,233.5,234.5,225.550003,228.820007,228.820007,22418300
2019-07-26,207.479996,209.729996,207.139999,207.740005,205.289978,17618900,328.790009,336,327.5,335.779999,335.779999,10847500,200.190002,202.880005,196.25,199.75,199.75,24434000,226.919998,230.259995,222.25,228.039993,228.039993,10027700
2019-07-29,208.460007,210.639999,208.440002,209.679993,207.207077,21673400,335.980011,336.399994,328.769989,332.700012,332.700012,5782800,199,199.630005,195.300003,195.940002,195.940002,16530800,227.089996,235.940002,226.029999,235.770004,235.770004,9273300
2019-07-30,208.759995,210.160004,207.309998,208.779999,206.317688,33935700,329.200012,329.649994,323.230011,325.929993,325.929993,6029300,195.389999,198.710007,193.5,197.039993,197.039993,11903600,232.899994,243.360001,232.179993,242.259995,242.259995,8109000
2019-07-31,216.419998,221.369995,211.300003,213.039993,210.527466,69281400,325.160004,331.769989,318.529999,322.98999,322.98999,6259500,196.949997,198.759995,192.679993,194.229996,194.229996,14593500,243,246.679993,236.649994,241.610001,241.610001,9178200
2019-08-01,213.899994,218.029999,206.740005,208.429993,205.971817,54017900,324.25,328.579987,318.73999,319.5,319.5,6563200,194.169998,198.470001,190.880005,192.729996,192.729996,17777000,242.649994,244.509995,231.770004,233.850006,233.850006,8259500
2019-08-02,205.529999,206.429993,201.630005,204.020004,201.613846,40862100,317.48999,319.410004,311.799988,318.829987,318.829987,6280300,191.100006,192.619995,188.070007,189.020004,189.020004,15297000,231.350006,236.270004,229.229996,234.339996,234.339996,6136500
2019-08-05,197.990005,198.649994,192.580002,193.339996,191.059784,52393000,310.959991,313.420013,304.679993,307.630005,307.630005,8692500,184.690002,185.669998,179.339996,181.729996,181.729996,23086700,229.600006,231.369995,225.779999,228.320007,228.320007,7028300
2019-08-06,196.309998,198.070007,194.039993,197,194.67662,35824800,310.579987,311.880005,305.299988,310.100006,310.100006,6179100,183.690002,185.789993,183.089996,184.509995,184.509995,18035700,231.880005,232.5,225.75,230.75,230.75,5564200
2019-08-07,195.410004,199.559998,193.820007,199.039993,196.692566,33364400,302.559998,305,296.809998,304.290009,304.290009,9322400,183.600006,186.369995,181.220001,185.149994,185.149994,15833200,226.5,233.570007,225.800003,233.419998,233.419998,4776500
2019-08-08,200.199997,203.529999,199.389999,203.429993,201.030792,27009500,311.029999,316.359985,306.630005,315.899994,315.899994,5905900,186.619995,190.339996,184.050003,190.160004,190.160004,14828900,234.449997,239.800003,232.649994,238.300003,238.300003,5274300
2019-08-09,201.300003,202.759995,199.289993,200.990005,199.374222,24619700,313.73999,316.640015,305.679993,308.929993,308.929993,5349100,190,190.979996,187.119995,187.850006,187.850006,11058800,236.050003,238.960007,233.809998,235.009995,235.009995,3898200
2019-08-12,199.619995,202.050003,199.149994,200.479996,198.868317,22474900,305.459991,312.890015,303.23999,310.829987,310.829987,6531700,186.850006,187.589996,184.460007,185.369995,185.369995,10936300,232.990005,235.770004,228.75,229.009995,229.009995,4663900
2019-08-13,201.020004,212.139999,200.479996,208.970001,207.290085,47218500,309.769989,316.429993,308.160004,312.279999,312.279999,5289400,185.520004,191.380005,185.369995,188.449997,188.449997,13577000,228.809998,236,227.550003,235,235,4848100
2019-08-14,203.160004,206.440002,202.589996,202.75,201.120071,36547400,308.01001,308.410004,298.01001,299.109985,299.109985,7355800,185.800003,185.990005,179.309998,179.710007,179.710007,18903700,231.210007,231.5,216.690002,219.619995,219.619995,9562600
2019-08-15,203.460007,205.139999,199.669998,201.740005,200.118195,27227400,299.5,300.630005,288,295.76001,295.76001,9629200,180.949997,183.199997,180.029999,182.589996,182.589996,12925900,220.860001,221.559998,211.550003,215.639999,215.639999,8159600
2019-08-16,204.279999,207.160004,203.839996,206.5,204.83992,27620400,298.859985,303.549988,296.269989,302.799988,302.799988,6905800,183.75,185.100006,182.360001,183.699997,183.699997,12654600,216.660004,222.240005,216.020004,219.940002,219.940002,5098500
2019-08-19,210.619995,212.729996,210.029999,210.350006,208.658981,24413600,306.25,311.75,304.75,309.380005,309.380005,4942200,186.009995,187.5,184.850006,186.169998,186.169998,9691200,224.210007,227.830002,221.699997,226.830002,226.830002,5309600
2019-08-20,210.880005,213.350006,210.320007,210.360001,208.6689,26884300,304.570007,305,297.679993,298.98999,298.98999,7349900,185.449997,186,182.389999,183.809998,183.809998,10083400,227.619995,229.089996,224.539993,225.860001,225.860001,4125200
2019-08-21,212.990005,213.649994,211.600006,212.639999,210.930573,21535400,301.609985,302.880005,296.200012,297.809998,297.809998,5685400,185,185.899994,183.139999,183.550003,183.550003,8398200,222.009995,223.220001,217.600006,220.830002,220.830002,7794300
2019-08-22,213.190002,214.440002,210.75,212.460007,210.752029,22253700,298.649994,300.329987,293.149994,296.929993,296.929993,4974200,183.429993,184.110001,179.910004,182.039993,182.039993,10821400,222.800003,225.399994,218.220001,222.149994,222.149994,6559000
2019-08-23,209.429993,212.050003,201,202.639999,201.010971,46818000,295,299.01001,290.320007,291.440002,291.440002,6324900,180.839996,183.130005,176.660004,177.75,177.75,17323400,219.970001,221.169998,211,211.399994,211.399994,8538600
2019-08-26,205.860001,207.190002,205.059998,206.490005,204.830002,26043600,295.23999,296.950012,292.5,294.980011,294.980011,4695700,179.399994,180.5,178.240005,180.360001,180.360001,8773600,213.600006,215.020004,211.539993,215,215,5051900
2019-08-27,207.860001,208.550003,203.529999,204.160004,202.518738,25873300,294.540009,296.769989,287.200012,291.029999,291.029999,6309400,181.929993,184.039993,181.009995,181.300003,181.300003,14399600,215.740005,218.800003,212.029999,214.080002,214.080002,5416200
2019-08-28,204.100006,205.720001,203.320007,205.529999,203.877731,15938800,289.470001,292.820007,287.75,291.769989,291.769989,3955700,180.529999,181.949997,178.919998,181.759995,181.759995,9386100,213.690002,217.25,212.309998,215.589996,215.589996,3225500
2019-08-29,208.5,209.320007,206.660004,209.009995,207.329742,20990500,295,299.929993,294.98999,296.779999,296.779999,4388500,183.770004,186.080002,183.470001,185.570007,185.570007,10128700,219,223.399994,218,221.710007,221.710007,5179500
2019-08-30,210.160004,210.449997,207.199997,208.740005,207.06192,21143400,298.779999,298.940002,290.850006,293.75,293.75,4446400,186.779999,186.800003,183.460007,185.669998,185.669998,10774500,229.149994,232.440002,224.210007,225.610001,225.610001,9320600
2019-09-03,206.429993,206.979996,204.220001,205.699997,204.046341,20023000,290.820007,293.899994,288.059998,289.290009,289.290009,3682800,184,185.669998,182.110001,182.389999,182.389999,9779400,224.080002,228.949997,223.160004,225.009995,225.009995,5354100
2019-09-04,208.389999,209.479996,207.320007,209.190002,207.508316,19188100,291.25,292.380005,286.51001,291.519989,291.519989,4652500,184.649994,187.75,183.889999,187.139999,187.139999,11308000,226.889999,228.460007,219.210007,220.679993,220.679993,5761000
2019-09-05,212,213.970001,211.509995,213.279999,211.565414,23913700,285.320007,293.970001,282.790009,293.25,293.25,8966800,188.529999,191.360001,187.940002,190.899994,190.899994,13876700,222.5,229.800003,220.850006,229.580002,229.580002,7395300
2019-09-06,214.050003,214.419998,212.509995,213.259995,211.545578,19362300,293.350006,293.350006,287.029999,290.170013,290.170013,5166600,190.210007,190.210007,186.350006,187.490005,187.490005,15226800,227.199997,229.639999,225.169998,227.449997,227.449997,4189400
2019-09-09,214.839996,216.440002,211.070007,214.169998,212.448273,27309400,294.809998,301.549988,290.600006,294.339996,294.339996,8232700,187.729996,188.979996,185.850006,188.759995,188.759995,14722400,230,233.759995,229.229996,231.789993,231.789993,4802700
2019-09-10,213.860001,216.779999,211.710007,216.699997,214.957916,31777900,291.160004,297.170013,282.660004,287.98999,287.98999,12320200,187.440002,188.100006,184.550003,186.169998,186.169998,15455900,230.800003,235.539993,228.940002,235.539993,235.539993,4883700
2019-09-11,218.070007,223.710007,217.729996,223.589996,221.792542,44289600,285.700012,292.649994,284.609985,288.269989,288.269989,7405900,186.460007,189.440002,186.080002,188.490005,188.490005,11761700,237.380005,248.169998,236,247.100006,247.100006,10042800
2019-09-12,224.800003,226.419998,222.860001,223.089996,221.296555,32226700,288.100006,292.730011,286.600006,288.859985,288.859985,5010900,189.860001,190.929993,187.229996,187.470001,187.470001,11419800,247.699997,253.5,244.399994,245.869995,245.869995,8581200
2019-09-13,220,220.789993,217.020004,218.75,216.991455,39763300,290.609985,296.619995,290.040009,294.149994,294.149994,6583100,187.330002,187.970001,186.539993,187.190002,187.190002,11441100,246.960007,248.449997,244.869995,245.199997,245.199997,5313100
2019-09-16,217.729996,220.130005,217.559998,219.899994,218.132202,21158100,294.230011,297.429993,289.779999,294.290009,294.290009,5307400,186.929993,187.789993,185.770004,186.220001,186.220001,8444800,246,247.429993,241.169998,242.809998,242.809998,4728100
2019-09-17,219.960007,220.820007,219.119995,220.699997,218.925781,18318700,294.5,299.149994,291.790009,298.600006,298.600006,4777100,186.660004,188.320007,185.539993,188.080002,188.080002,9671100,242.470001,245.600006,240.369995,244.789993,244.789993,3865400
2019-09-18,221.059998,222.850006,219.440002,222.770004,220.979141,25340000,294.98999,296.049988,287.450012,291.559998,291.559998,7811100,188.089996,189.080002,186.009995,188.139999,188.139999,9681900,245,248.169998,242.369995,243.490005,243.490005,4170200
2019-09-19,222.009995,223.759995,220.369995,220.960007,219.183701,22060600,291.559998,293.809998,283.399994,286.600006,286.600006,8461300,188.660004,191.100006,188.149994,190.139999,190.139999,10392700,246,247.940002,244.839996,246.600006,246.600006,4795800
2019-09-20,221.380005,222.559998,217.470001,217.729996,215.97963,55413100,280.26001,282.5,266,270.75,270.75,23832800,190.660004,193.100006,188.119995,189.929993,189.929993,19934200,246.490005,246.949997,238.160004,240.619995,240.619995,6353000
2019-09-23,218.949997,219.839996,217.649994,218.720001,216.961685,19165500,268.350006,273.390015,261.890015,265.920013,265.920013,13478600,189.339996,190.100006,185.210007,186.820007,186.820007,13327600,240,245.179993,239.220001,241.229996,241.229996,4340200
2019-09-24,221.029999,222.490005,217.190002,217.679993,215.930038,31190800,262.5,265,252.279999,254.589996,254.589996,16338200,187.979996,188.039993,180.389999,181.279999,181.279999,18546600,241.520004,241.990005,222.610001,223.210007,223.210007,12891500
2019-09-25,218.550003,221.5,217.139999,221.029999,219.253113,21903400,255.710007,266.600006,253.699997,264.75,264.75,11643800,181.449997,183.419998,177.869995,182.800003,182.800003,18068300,224.559998,228.979996,218.360001,228.699997,228.699997,9427100
2019-09-26,220,220.940002,218.830002,219.889999,218.122284,18833500,266.420013,268.049988,260.200012,263.309998,263.309998,7684000,181.330002,181.399994,177.669998,180.110001,180.110001,16083300,230.660004,243.309998,227.399994,242.559998,242.559998,11884500
2019-09-27,220.539993,220.960007,217.279999,218.820007,217.060898,25352000,266.179993,267.440002,260.390015,263.079987,263.079987,7328300,180.490005,180.759995,175.660004,177.100006,177.100006,14656200,242.199997,248.710007,238.729996,242.130005,242.130005,11116400
2019-09-30,220.899994,224.580002,220.789993,223.970001,222.169479,25977400,264,268.880005,262.779999,267.619995,267.619995,6727200,177.869995,178.669998,176.850006,178.080002,178.080002,10740000,243,243.979996,236.110001,240.869995,240.869995,5879800
2019-10-01,225.070007,228.220001,224.199997,224.589996,222.7845,34805800,267.350006,272.200012,264.029999,269.579987,269.579987,8650300,179.149994,179.839996,174.880005,175.809998,175.809998,17073000,241.5,245.949997,239.130005,244.690002,244.690002,6162600
2019-10-02,223.059998,223.580002,217.929993,218.960007,217.199768,34612300,263.609985,269.350006,262.190002,268.029999,268.029999,7659100,174.839996,176.529999,173.089996,174.600006,174.600006,16151700,243.289993,244.649994,239.429993,243.130005,243.130005,5631400
2019-10-03,218.429993,220.960007,215.130005,220.820007,219.0448,28606500,267.779999,268.839996,257.01001,268.149994,268.149994,8951000,175.570007,179.839996,173.630005,179.380005,179.380005,16086300,231.860001,234.479996,224.279999,233.029999,233.029999,15084500
2019-10-04,225.639999,227.490005,223.889999,227.009995,225.185043,34619700,268.200012,275.480011,266.470001,272.790009,272.790009,9890400,179.550003,180.979996,178.100006,180.449997,180.449997,10430200,231.610001,234.779999,228.070007,231.429993,231.429993,7995000
2019-10-07,226.270004,229.929993,225.839996,227.059998,225.234634,30576500,271.98999,276.679993,271.279999,274.459991,274.459991,6525600,180,181.179993,178.089996,179.679993,179.679993,9178300,229.800003,238.559998,228.550003,237.720001,237.720001,8064200
2019-10-08,225.820007,228.059998,224.330002,224.399994,222.596024,27955000,273.029999,275.529999,270.640015,270.720001,270.720001,6276400,178.259995,180.369995,177.720001,177.75,177.75,9466900,235.869995,243.940002,234.5,240.050003,240.050003,8678200
2019-10-09,227.029999,227.789993,225.639999,227.029999,225.204895,18692600,270.019989,271,264.570007,267.529999,267.529999,6794400,179.160004,180.720001,177.940002,179.850006,179.850006,7556900,241.320007,247.300003,240.649994,244.529999,244.529999,6894400
2019-10-10,227.929993,230.440002,227.300003,230.089996,228.24028,28253400,265.970001,280.529999,265.029999,280.480011,280.480011,10809100,180.320007,181.610001,179.169998,180.029999,180.029999,8605000,245.279999,249.279999,241.580002,244.740005,244.740005,6283300
2019-10-11,232.949997,237.639999,232.309998,236.210007,234.311081,41698900,284.799988,287.869995,282.339996,282.929993,282.929993,8786100,182.149994,186.490005,182.139999,184.190002,184.190002,14930500,247.149994,251.080002,246.809998,247.889999,247.889999,8475400
2019-10-14,234.899994,238.130005,234.669998,235.869995,233.973816,24106900,283.929993,286.929993,282,285.529999,285.529999,5513200,184.199997,184.619995,182.570007,183.279999,183.279999,7006000,247.899994,258.549988,247.130005,256.959991,256.959991,10205000
2019-10-15,236.389999,237.649994,234.880005,235.320007,233.428253,21840000,283.820007,285.869995,279.399994,284.25,284.25,7685600,183.800003,190.380005,183.660004,188.889999,188.889999,15039100,257.700012,260,254.119995,257.890015,257.890015,6432800
2019-10-16,233.369995,235.240005,233.199997,234.369995,232.48587,18475800,283.119995,288.170013,280.73999,286.279999,286.279999,16175900,188.320007,189.699997,186.899994,189.550003,189.550003,10516900,257.390015,262.100006,256.920013,259.75,259.75,6684100
2019-10-17,235.089996,236.149994,233.520004,235.279999,233.388565,16896300,304.48999,308.75,288.299988,293.350006,293.350006,38258900,190.300003,190.839996,188.770004,190.389999,190.389999,9603000,262.5,264.779999,260.170013,261.970001,261.970001,4769300
2019-10-18,234.589996,237.580002,234.289993,236.410004,234.509491,24358400,289.359985,290.899994,273.359985,275.299988,275.299988,23429900,190.229996,191.490005,183.919998,185.850006,185.850006,16874200,260.700012,262.799988,255.100006,256.950012,256.950012,5749800
2019-10-21,237.520004,240.990005,237.320007,240.509995,238.576508,21811800,272.890015,279.940002,269,278.049988,278.049988,12599200,187.039993,189.910004,186.75,189.759995,189.759995,8122600,258.329987,259.5,250.179993,253.5,253.5,5020300
2019-10-22,241.160004,242.199997,239.619995,239.960007,238.030945,20573400,271.160004,275.410004,265.799988,266.690002,266.690002,11802400,190,190.649994,181.5,182.339996,182.339996,19537600,254.320007,258.329987,250.850006,255.580002,255.580002,4600800
2019-10-23,242.100006,243.240005,241.220001,243.179993,241.225052,18957200,268.059998,273.920013,266.630005,271.269989,271.269989,7133500,182.009995,186.380005,182,186.149994,186.149994,12300400,254.5,256.140015,251.350006,254.679993,254.679993,5261100
2019-10-24,244.509995,244.800003,241.809998,243.580002,241.621826,17318800,271.809998,274.019989,268.799988,271.5,271.5,4827400,184.619995,186.729996,182.800003,186.380005,186.380005,11413500,298.369995,304.929993,289.200012,299.679993,299.679993,29720900
2019-10-25,243.160004,246.729996,242.880005,246.580002,244.597717,18369300,270.679993,277.769989,270.179993,276.820007,276.820007,4747800,185.830002,189,185.089996,187.889999,187.889999,8061200,297.720001,330,296.109985,328.130005,328.130005,30006100
2019-10-28,247.419998,249.25,246.720001,249.050003,247.047867,24143200,278.049988,285.75,277.350006,281.859985,281.859985,6248400,187.199997,189.529999,185.080002,189.399994,189.399994,13657900,327.540009,340.839996,322.600006,327.709991,327.709991,18870300
2019-10-29,248.970001,249.75,242.570007,243.289993,241.334152,35709900,281.869995,284.410004,277.549988,281.209991,281.209991,4356200,191.690002,192.529999,188.470001,189.309998,189.309998,13574900,319.98999,324.299988,314.75,316.220001,316.220001,12684300
2019-10-30,244.759995,245.300003,241.210007,243.259995,241.304398,31130500,284.339996,293.48999,283,291.450012,291.450012,9345600,189.559998,190.449997,185.979996,188.25,188.25,28734600,313,318.790009,309.970001,315.01001,315.01001,9641800
2019-10-31,247.240005,249.169998,237.259995,248.759995,246.760193,34790500,291,291.450012,284.779999,287.410004,287.410004,5090000,196.699997,198.089996,188.25,191.649994,191.649994,42286500,313.100006,319,313,314.920013,314.920013,5067000
2019-11-01,249.539993,255.929993,249.160004,255.820007,253.763443,37781300,288.700012,289.119995,283.019989,286.809998,286.809998,5594300,192.850006,194.110001,189.910004,193.619995,193.619995,21711800,316.320007,316.480011,309.799988,313.309998,313.309998,6383900
2019-11-04,257.329987,257.850006,255.380005,257.5,255.429932,25818000,288,295.390015,287.160004,292.859985,292.859985,5566200,194.550003,197.369995,193.809998,194.720001,194.720001,16371300,314.799988,321.940002,309.26001,317.470001,317.470001,8787000
2019-11-05,257.049988,258.190002,256.320007,257.130005,255.062927,19974400,289.98999,291.190002,286.309998,288.029999,288.029999,4062400,195.369995,195.75,193.600006,194.320007,194.320007,9942000,319.619995,323.51001,316.119995,317.220001,317.220001,6943400
2019-11-06,256.769989,257.48999,255.369995,257.23999,255.172012,18966100,288.190002,290.559998,285.839996,288.589996,288.589996,3438300,194.029999,194.369995,191.350006,191.550003,191.550003,10973000,318,326.720001,314.5,326.579987,326.579987,7940900
2019-11-07,258.73999,260.350006,258.109985,259.429993,258.117004,23735100,290.700012,298.190002,288.269989,289.570007,289.570007,5928500,191.910004,193.440002,189.470001,190.419998,190.419998,13473000,329.140015,341.5,328.019989,335.540009,335.540009,14467300
2019-11-08,258.690002,260.440002,256.850006,260.140015,258.823456,17496600,288.730011,293.98999,287.51001,291.570007,291.570007,4509000,190,192.339996,189.699997,190.839996,190.839996,10760800,334.5,337.459991,332.5,337.140015,337.140015,6069200
2019-11-11,258.299988,262.470001,258.279999,262.200012,260.873016,20455300,289.160004,296.359985,288.5,294.179993,294.179993,3944300,189.929993,190.080002,188.539993,189.610001,189.610001,8631200,343.950012,349.190002,342,345.089996,345.089996,9986700
2019-11-12,261.549988,262.790009,260.920013,261.959991,260.634216,21847200,295.320007,295.350006,288.700012,292.01001,292.01001,5772800,190,195.059998,189.740005,194.470001,194.470001,17615500,346.899994,350.369995,344.040009,349.929993,349.929993,7359400
2019-11-13,261.130005,264.779999,261.070007,264.470001,263.131531,25683600,291.029999,293.410004,281.140015,283.109985,283.109985,9158900,194.699997,195.699997,192.740005,193.190002,193.190002,10860700,355,356.329987,345.179993,346.109985,346.109985,8420100
2019-11-14,263.75,264.880005,262.100006,262.640015,261.310791,22295700,283.25,290.630005,283.220001,289.619995,289.619995,6529000,192.929993,194.029999,191.449997,193.149994,193.149994,9040500,346.109985,353.839996,342.910004,349.350006,349.350006,6464900
2019-11-15,263.679993,265.779999,263.01001,265.76001,264.415009,25051600,290.589996,295.820007,287.570007,295.029999,295.029999,6333800,194.259995,195.300003,193.380005,195.100006,195.100006,11524300,350.640015,352.799988,348.359985,352.170013,352.170013,4809000
2019-11-18,265.799988,267.429993,264.230011,267.100006,265.74823,21675800,296,304.98999,293.279999,302.570007,302.570007,8616600,194.559998,198.630005,193.050003,197.399994,197.399994,16167200,352.920013,353.149994,346.100006,349.98999,349.98999,4400400
2019-11-19,267.899994,268,265.390015,266.290009,264.942322,19041800,304.01001,305.670013,298.519989,302.600006,302.600006,5918000,197.399994,200,196.860001,199.320007,199.320007,19056800,351.75,359.98999,347.799988,359.519989,359.519989,7724800
2019-11-20,265.540009,266.079987,260.399994,263.190002,261.858032,26558600,301.01001,308.25,301,305.160004,305.160004,5111800,198.580002,199.589996,195.429993,197.509995,197.509995,12355400,360,361.200012,349.570007,352.220001,352.220001,6725100
2019-11-21,263.690002,264.01001,261.179993,262.01001,260.68399,30348800,306,312.690002,304.26001,311.690002,311.690002,7488400,197.419998,199.089996,196.860001,197.929993,197.929993,12131000,354.51001,360.839996,354,354.829987,354.829987,6110000
2019-11-22,262.589996,263.179993,260.839996,261.779999,260.455139,16331300,309.100006,311.399994,304.410004,310.480011,310.480011,5970100,198.380005,199.300003,197.619995,198.820007,198.820007,9959800,340.160004,341,330,333.040009,333.040009,16870600
2019-11-25,262.709991,266.440002,262.519989,266.369995,265.021912,21005100,308.829987,315.730011,305.25,315.549988,315.549988,7873900,199.520004,200.970001,199.25,199.789993,199.789993,15272300,344.320007,344.570007,334.459991,336.339996,336.339996,12339500
2019-11-26,266.940002,267.160004,262.5,264.290009,262.952423,26301900,315,316.5,311.690002,312.48999,312.48999,5321000,200,200.149994,198.039993,198.970001,198.970001,11735500,335.269989,335.5,327.100006,328.920013,328.920013,7947400
2019-11-27,265.579987,267.980011,265.309998,267.839996,266.484467,16308900,313.929993,316.820007,312.75,315.929993,315.929993,4096900,199.899994,203.139999,199.419998,202,202,12736600,331.119995,333.929993,328.570007,331.290009,331.290009,5555600
2019-11-29,266.600006,268,265.899994,267.25,265.897461,11654400,315.779999,316.619995,313.339996,314.660004,314.660004,2411700,201.600006,203.800003,201.210007,201.639999,201.639999,7985200,331.109985,331.26001,327.5,329.940002,329.940002,2465600
2019-12-02,267.269989,268.25,263.450012,264.160004,262.82309,23621800,314.390015,314.390015,303.75,309.98999,309.98999,6218800,202.130005,202.179993,198.050003,199.699997,199.699997,11503400,329.399994,336.380005,328.690002,334.869995,334.869995,6074500
2019-12-03,258.309998,259.529999,256.290009,259.450012,258.136963,28607600,302.220001,307.359985,301.880005,306.160004,306.160004,4992800,197.600006,198.929993,195.080002,198.820007,198.820007,11595300,332.619995,337.910004,332.190002,336.200012,336.200012,6573700
2019-12-04,261.070007,263.309998,260.679993,261.73999,260.415344,16795400,308.429993,308.429993,303.269989,304.320007,304.320007,3512100,200,200.029999,198.050003,198.710007,198.710007,8456300,337.75,337.859985,332.850006,333.029999,333.029999,5533000
2019-12-05,263.790009,265.890015,262.730011,265.579987,264.235901,18606100,305.269989,306.480011,298.809998,302.859985,302.859985,4615500,199.860001,201.289993,198.210007,199.360001,199.360001,9740400,332.829987,334.420013,327.25,330.369995,330.369995,3724600
2019-12-06,267.480011,271,267.299988,270.709991,269.339935,26518900,304.700012,307.850006,302.600006,307.350006,307.350006,4457800,200.5,201.570007,200.059998,201.050003,201.050003,12270600,335,338.859985,334.769989,335.890015,335.890015,7612400
2019-12-09,270,270.799988,264.910004,266.920013,265.569122,32010600,307.350006,311.48999,302.440002,302.5,302.5,5748400,200.649994,203.139999,200.210007,201.339996,201.339996,11954800,336.589996,344.450012,335.079987,339.529999,339.529999,9023100
2019-12-10,268.600006,270.070007,265.859985,268.480011,267.121246,22605100,296.119995,298.940002,292.019989,293.119995,293.119995,10476100,201.660004,202.050003,200.149994,200.869995,200.869995,9475700,339.959991,350.730011,339.309998,348.839996,348.839996,8828300
2019-12-11,268.809998,271.100006,268.5,270.769989,269.399658,19689200,294.48999,299.429993,294.200012,298.929993,298.929993,5589800,200.279999,202.630005,200.279999,202.259995,202.259995,8036800,351.880005,357.190002,351.089996,352.700012,352.700012,6897800
2019-12-12,267.779999,272.559998,267.320007,271.459991,270.086151,34327600,295.670013,299.170013,295.059998,298.440002,298.440002,4766600,202.350006,203.660004,194.100006,196.75,196.75,23734800,354.920013,362.73999,353.230011,359.679993,359.679993,7763900
2019-12-13,271.459991,275.299988,270.929993,275.149994,273.757477,33396900,298.5,301.799988,297.25,298.5,298.5,3879700,196.399994,196.800003,193.169998,194.110001,194.110001,18798000,361.049988,365.209991,354.640015,358.390015,358.390015,6570900
2019-12-16,277,280.790009,276.980011,279.859985,278.443604,32046500,300.850006,305.709991,298.630005,304.209991,304.209991,4658900,195.270004,199.119995,194.809998,197.919998,197.919998,14911500,362.549988,383.609985,362.5,381.5,381.5,18174200
2019-12-17,279.570007,281.769989,278.799988,280.410004,278.990875,28539600,307.359985,316.799988,306.600006,315.480011,315.480011,10427100,198.839996,199,196.130005,198.389999,198.389999,10175700,378.98999,385.5,375.899994,378.98999,378.98999,8496800
2019-12-18,279.799988,281.899994,279.119995,279.73999,278.324249,29007100,316.26001,325.359985,315.600006,320.799988,320.799988,11207400,200.089996,204.300003,200.089996,202.5,202.5,23274400,380.630005,395.220001,380.579987,393.149994,393.149994,14121000
2019-12-19,279.5,281.179993,278.950012,280.019989,278.602814,24592300,324.5,332.829987,324.179993,332.220001,332.220001,9822300,202.779999,206.300003,202.509995,206.059998,206.059998,16514600,397.320007,406.850006,396.5,404.040009,404.040009,18107100
2019-12-20,282.230011,282.649994,278.559998,279.440002,278.025757,68994500,335,338,330.600006,336.899994,336.899994,9914900,207.479996,207.710007,203.429993,206.300003,206.300003,27306900,410.290009,413,400.190002,405.589996,405.589996,14752700
2019-12-23,280.529999,284.25,280.369995,284,282.562683,24643000,337.76001,337.950012,331.019989,333.100006,333.100006,5765300,206.699997,208.589996,205.679993,206.179993,206.179993,13348900,411.779999,422.01001,410,419.220001,419.220001,13319600
2019-12-24,284.690002,284.890015,282.920013,284.269989,282.831299,12119700,334.01001,335.700012,331.600006,333.200012,333.200012,2019300,206.300003,206.789993,205,205.119995,205.119995,6046300,418.359985,425.470001,412.690002,425.25,425.25,8054700
2019-12-26,284.820007,289.980011,284.700012,289.910004,288.44278,23280300,334.600006,336.459991,332.01001,332.630005,332.630005,3589900,205.570007,207.820007,205.309998,207.789993,207.789993,9350700,427.910004,433.480011,426.350006,430.940002,430.940002,10633900
2019-12-27,291.119995,293.970001,288.119995,289.799988,288.333313,36566500,332.959991,333.820007,326.01001,329.089996,329.089996,5036100,208.669998,208.929993,206.589996,208.100006,208.100006,10284200,435,435.309998,426.109985,430.380005,430.380005,9945700
2019-12-30,289.459991,292.690002,285.220001,291.519989,290.044617,36028600,329.079987,329.190002,322.859985,323.309998,323.309998,4311500,207.860001,207.899994,203.899994,204.410004,204.410004,10524300,428.790009,429,409.26001,414.700012,414.700012,12586400
2019-12-31,289.929993,293.679993,289.519989,293.649994,292.163818,25201400,322,324.920013,321.089996,323.570007,323.570007,3713300,204,205.559998,203.600006,205.25,205.25,8953500,405,421.290009,402.079987,418.329987,418.329987,10285700
2020-01-02,296.23999,300.600006,295.190002,300.350006,298.829956,33870100,326.100006,329.980011,324.779999,329.809998,329.809998,4485800,206.75,209.789993,206.270004,209.779999,209.779999,12077100,424.5,430.700012,421.709991,430.26001,430.26001,9532100
2020-01-03,297.149994,300.579987,296.5,297.429993,295.924713,36580700,326.779999,329.859985,325.529999,325.899994,325.899994,3806900,207.210007,210.399994,206.949997,208.669998,208.669998,11188400,440.5,454,436.920013,443.01001,443.01001,17778500
2020-01-06,293.790009,299.959991,292.75,299.799988,298.282715,29596800,323.119995,336.359985,321.200012,335.829987,335.829987,5663100,206.699997,212.779999,206.520004,212.600006,212.600006,17058900,440.470001,451.559998,440,451.540009,451.540009,10133000
2020-01-07,299.839996,300.899994,297.480011,298.390015,296.879883,27218000,336.470001,336.700012,330.299988,330.75,330.75,4703200,212.820007,214.580002,211.75,213.059998,213.059998,14912400,461.399994,471.630005,453.359985,469.059998,469.059998,17882100
2020-01-08,297.160004,304.440002,297.160004,303.190002,301.655548,33019800,331.48999,342.700012,331.049988,339.26001,339.26001,7104500,213,216.240005,212.610001,215.220001,215.220001,13475000,473.700012,498.48999,468.230011,492.140015,492.140015,31144300
2020-01-09,307.23999,310.429993,306.200012,309.630005,308.062988,42527100,342,343.420013,334.609985,335.660004,335.660004,4709300,217.539993,218.380005,216.279999,218.300003,218.300003,12642800,497.100006,498.799988,472.869995,481.339996,481.339996,28440400
2020-01-10,310.600006,312.670013,308.25,310.329987,308.759399,35161200,337.130005,338.5,327.269989,329.049988,329.049988,4718300,219.199997,219.880005,217.419998,218.059998,218.059998,12119400,481.790009,484.940002,473.700012,478.149994,478.149994,12959500
2020-01-13,311.640015,317.070007,311.149994,316.959991,315.355865,30383000,331.799988,340.850006,331.51001,338.920013,338.920013,6290000,219.600006,221.970001,219.210007,221.910004,221.910004,14463400,493.5,525.630005,492,524.859985,524.859985,26517600
2020-01-14,316.700012,317.570007,312.170013,312.679993,311.097534,40488600,344.399994,345.380005,335.519989,338.690002,338.690002,7199400,221.610001,222.380005,218.630005,219.059998,219.059998,13288900,544.26001,547.409973,524.900024,537.919983,537.919983,28996200
2020-01-15,311.850006,315.5,309.549988,311.339996,309.764313,30480900,338.679993,343.170013,336.600006,339.070007,339.070007,5158000,220.610001,221.679993,220.139999,221.149994,221.149994,10036500,529.76001,537.840027,516.789978,518.5,518.5,17368800
2020-01-16,313.589996,315.700012,312.089996,315.23999,313.644562,27207300,343.5,343.559998,335.850006,338.619995,338.619995,5016000,222.570007,222.630005,220.389999,221.770004,221.770004,10015300,493.75,514.460022,492.170013,513.48999,513.48999,21736700
2020-01-17,316.269989,318.73999,315,318.730011,317.116943,34454100,341,341.570007,337.380005,339.670013,339.670013,6066500,222.029999,222.289993,220.529999,222.139999,222.139999,15905900,507.609985,515.669983,503.160004,510.5,510.5,13629100
2020-01-21,317.190002,319.019989,316,316.570007,314.967865,27710800,340,341,332.589996,338.109985,338.109985,14350300,222.160004,222.369995,219.119995,221.440002,221.440002,14275800,530.25,548.580017,528.409973,547.200012,547.200012,17803500
2020-01-22,318.579987,319.98999,317.309998,317.700012,316.092163,25458100,332.549988,336.299988,323.600006,326,326,21730000,222.309998,222.75,221.279999,221.320007,221.320007,12212800,571.890015,594.5,559.099976,569.559998,569.559998,31369000
2020-01-23,317.920013,319.559998,315.649994,319.230011,317.61441,26118000,326.040009,349.880005,325.01001,349.600006,349.600006,18200300,220.75,221.490005,219.270004,219.759995,219.759995,11195000,564.25,582,555.599976,572.200012,572.200012,19651000
2020-01-24,320.25,323.329987,317.519989,318.309998,316.699036,36634400,348.459991,359.850006,345.880005,353.160004,353.160004,17939700,220.800003,221.779999,216.110001,217.940002,217.940002,11905800,570.630005,573.859985,554.26001,564.820007,564.820007,14353600
2020-01-27,310.059998,311.769989,304.880005,308.950012,307.386414,40485000,345.950012,351.899994,341.019989,342.880005,342.880005,7709500,213.100006,216.059998,212.5,214.869995,214.869995,13810700,541.98999,564.440002,539.280029,558.02002,558.02002,13608100
2020-01-28,312.600006,318.399994,312.190002,317.690002,316.082184,40558500,345.880005,352.399994,342.779999,348.519989,348.519989,6821600,216.139999,218.740005,213.520004,217.789993,217.789993,13413800,568.48999,576.809998,558.080017,566.900024,566.900024,11788500
2020-01-29,324.450012,327.850006,321.380005,324.339996,322.698517,54057300,349,349.399994,338.549988,343.160004,343.160004,7643500,221.440002,224.199997,218.449997,223.229996,223.229996,33181300,575.690002,589.799988,567.429993,580.98999,580.98999,17801500
2020-01-30,320.540009,324.089996,318.75,323.869995,322.230896,31685800,341.100006,348.200012,339.25,347.73999,347.73999,5328100,206.529999,211.429993,204.75,209.529999,209.529999,48775500,632.419983,650.880005,618,640.809998,640.809998,29005700
2020-01-31,320.929993,322.679993,308.290009,309.51001,307.943604,49897100,347.390015,347.390015,340.980011,345.089996,345.089996,5230000,208.429993,208.690002,201.059998,201.910004,201.910004,31359900,640,653,632.52002,650.570007,650.570007,15719300
2020-02-03,304.299988,313.48999,302.220001,308.660004,307.0979,43496400,347.23999,359.630005,346.279999,358,358,6674900,203.440002,205.139999,202.5,204.190002,204.190002,15510500,673.690002,786.140015,673.52002,780,780,47233500
2020-02-04,315.309998,319.640015,313.630005,318.850006,317.236298,34154100,361,369.570007,356.100006,369.01001,369.01001,7161500,206.619995,210.600006,205.199997,209.830002,209.830002,19628900,882.960022,968.98999,833.880005,887.059998,887.059998,60938800
2020-02-05,323.519989,324.76001,318.950012,321.450012,319.823181,29706700,375.130005,375.25,362.299988,369.670013,369.670013,6437000,212.509995,212.729996,208.710007,210.110001,210.110001,12538200,823.26001,845.97998,704.109985,734.700012,734.700012,48423800
2020-02-06,322.570007,325.220001,320.26001,325.209991,323.564117,26356400,369.600006,371.549988,362.51001,366.950012,366.950012,3920400,210.470001,211.190002,209.339996,210.850006,210.850006,10567500,699.919983,795.830017,687,748.960022,748.960022,39880800
2020-02-07,322.369995,323.399994,318,320.029999,319.166016,29421000,365.040009,371.799988,363.570007,366.769989,366.769989,4385200,210.300003,212.820007,209.929993,212.330002,212.330002,12242500,730.549988,769.75,730,748.070007,748.070007,17063500
2020-02-10,314.179993,321.549988,313.850006,321.549988,320.681915,27337200,365,374.799988,362.519989,371.070007,371.070007,5294100,211.520004,213.800003,210.660004,213.059998,213.059998,11856400,800,819.98999,752.400024,771.280029,771.280029,24689200
2020-02-11,323.600006,323.899994,318.709991,319.609985,318.747131,23580800,373.75,378.109985,369.720001,373.690002,373.690002,4772900,210.190002,210.860001,206.509995,207.190002,207.190002,25030800,768.789978,783.51001,758,774.380005,774.380005,11697500
2020-02-12,321.470001,327.220001,321.470001,327.200012,326.316681,28432600,377.179993,380.619995,375.880005,380.01001,380.01001,4624800,207.850006,211.220001,207.399994,210.759995,210.759995,13813700,777.869995,789.75,763.369995,767.289978,767.289978,12022500
2020-02-13,324.190002,326.220001,323.350006,324.869995,323.99295,23686900,376.959991,385.369995,376.51001,381.399994,381.399994,4485400,209.520004,214.330002,209.179993,213.139999,213.139999,15396600,741.840027,818,735,804,804,26289300
2020-02-14,324.73999,325.980011,322.850006,324.950012,324.072754,20028400,381.470001,385.149994,379.429993,380.399994,380.399994,3736300,214,214.929993,212.649994,214.179993,214.179993,10741700,787.219971,812.969971,785.5,800.030029,800.030029,15693700
2020-02-18,315.359985,319.75,314.609985,319,318.138794,38132800,379.299988,389.540009,379.190002,387.779999,387.779999,5173900,213.550003,217.979996,213.399994,217.800003,217.800003,15609200,841.599976,860,832.359985,858.400024,858.400024,16381700
2020-02-19,320,324.570007,320,323.619995,322.746338,23496000,388.119995,392.950012,384.899994,386.190002,386.190002,4896400,217.990005,218.320007,216.110001,217.490005,217.490005,12135100,923.5,944.780029,901.02002,917.419983,917.419983,25423000
2020-02-20,322.630005,324.649994,318.209991,320.299988,319.435272,25141500,386.559998,389.700012,376.679993,386,386,4079400,216.520004,218.770004,212.949997,214.580002,214.580002,13109200,911.950012,912,859.940002,899.409973,899.409973,17634900
2020-02-21,318.619995,320.450012,310.5,313.049988,312.204865,32388500,385.329987,387.320007,377.899994,380.070007,380.070007,3930100,213.479996,214.240005,208.830002,210.179993,210.179993,14092300,906.97998,913.059998,880.450012,901,901,14314800
2020-02-24,297.26001,304.179993,289.230011,298.179993,297.375,55548800,364.76001,372.820007,361,368.700012,368.700012,6936400,201.800003,203.649994,198.169998,200.720001,200.720001,23080100,839,863.5,822.200012,833.789978,833.789978,15192200
2020-02-25,300.950012,302.529999,286.130005,288.079987,287.302277,57668400,372,375.649994,357.720001,360.089996,360.089996,6481200,202.25,203.5,195.949997,196.770004,196.770004,21433500,849,856.599976,787,799.909973,799.909973,17290500
2020-02-26,286.529999,297.880005,286.5,292.649994,291.859924,49513700,366.309998,382,365,379.23999,379.23999,8934100,197.190002,201.210007,195.490005,197.199997,197.199997,16524500,782.5,813.309998,776.109985,778.799988,778.799988,14085500
2020-02-27,281.100006,286,272.959991,273.519989,272.781586,79834500,371.459991,391.559998,370.600006,371.709991,371.709991,10949100,191.820007,195.880005,189.5,189.75,189.75,21641800,730,739.77002,669,679,679,24149300
2020-02-28,257.26001,278.410004,256.369995,273.359985,272.622009,106721200,364.209991,376.769989,356.799988,369.029999,369.029999,11178600,182.699997,192.740005,181.820007,192.470001,192.470001,32583500,629.700012,690.52002,611.52002,667.98999,667.98999,24564200
2020-03-02,282.279999,301.440002,277.720001,298.809998,298.003296,85349300,373.109985,381.359985,364.5,381.049988,381.049988,6997900,194.029999,196.570007,188.850006,196.440002,196.440002,24949000,711.26001,743.690002,686.669983,743.619995,743.619995,20195000
2020-03-03,303.670013,304,285.799988,289.320007,288.53894,79868900,381.029999,393.519989,367.399994,368.769989,368.769989,8364600,196.220001,197.240005,183.970001,185.889999,185.889999,27984100,805,806.97998,716.109985,745.51001,745.51001,25784000
2020-03-04,296.440002,303.399994,293.130005,302.73999,301.922699,54794600,377.769989,384.01001,370.51001,383.790009,383.790009,5487300,189.169998,191.830002,186.389999,191.759995,191.759995,23062500,763.960022,766.52002,724.72998,749.5,749.5,15049000
2020-03-05,295.519989,299.549988,291.410004,292.920013,292.129211,46893200,381,391.399994,368.640015,372.779999,372.779999,8747000,186.779999,188.990005,183.889999,185.169998,185.169998,19333400,723.77002,745.75,718.070007,724.539978,724.539978,10852700
2020-03-06,282,290.820007,281.230011,289.029999,288.249725,56544200,367.700012,371.309998,356.850006,368.970001,368.970001,8147200,178.330002,183.779999,176.259995,181.089996,181.089996,24559600,690,707,684.27002,703.47998,703.47998,12662900
2020-03-09,263.75,278.089996,263,266.170013,265.451447,71686200,343.859985,357.470001,341.720001,346.48999,346.48999,7405500,169.600006,175,165.190002,169.5,169.5,29949000,605.390015,663,605,608,608,17073700
2020-03-10,277.140015,286.440002,269.369995,285.339996,284.569672,71322500,356.429993,364.540009,347.850006,364.130005,364.130005,7604400,174.669998,178.289993,169.5,178.190002,178.190002,24517800,659.429993,668,608,645.330017,645.330017,15594400
2020-03-11,277.390015,281.220001,271.859985,275.429993,274.686432,63899700,358.920013,362.980011,344.790009,349.920013,349.920013,6036000,174.009995,175.880005,167.660004,170.240005,170.240005,20373900,640.200012,653.580017,613,634.22998,634.22998,13322500
2020-03-12,255.940002,270,248,248.229996,247.55986,104618500,326.5,335.720001,307.320007,315.25,315.25,12071600,159.539993,166.600006,154.339996,154.470001,154.470001,43266300,580.890015,594.5,546.25,560.549988,560.549988,18909100
2020-03-13,264.890015,279.920013,252.949997,277.970001,277.219574,92683000,330.51001,336.420013,307.390015,336.299988,336.299988,9458200,163.529999,170.789993,157.600006,170.279999,170.279999,35028600,595,607.570007,502,546.619995,546.619995,22640300
2020-03-16,241.949997,259.079987,240,242.210007,241.556122,80605900,306.630005,334.350006,294.75,298.839996,298.839996,10559900,152.320007,159.130005,143.100006,146.009995,146.009995,39120400,469.5,494.869995,442.170013,445.070007,445.070007,20489500
2020-03-17,247.509995,257.609985,238.399994,252.860001,252.177368,81014000,306.190002,322.899994,290.25,319.75,319.75,10013900,150.740005,153.940002,140,149.419998,149.419998,34255600,440.01001,471.850006,396,430.200012,430.200012,23994600
2020-03-18,239.770004,250,237.119995,246.669998,246.004074,75058400,302.399994,331.579987,300,315.470001,315.470001,12593600,139.75,148.179993,137.100006,146.960007,146.960007,37553100,389,404.859985,350.51001,361.220001,361.220001,23786200
2020-03-19,247.389999,252.839996,242.610001,244.779999,244.119171,67964300,324.329987,348.51001,316.820007,332.029999,332.029999,10616000,146.619995,159.929993,144.800003,153.130005,153.130005,39862300,374.700012,452,358.459991,427.640015,427.640015,30195500
2020-03-20,247.179993,251.830002,228,229.240005,228.62114,100423300,342.309998,350.48999,332,332.829987,332.829987,10853800,156.020004,159.270004,148,149.729996,149.729996,32568400,438.200012,477,425.790009,427.529999,427.529999,28285500
2020-03-23,228.080002,228.5,212.610001,224.369995,223.764267,84188200,347.890015,366.109985,340.880005,360.269989,360.269989,13449400,149.660004,152.309998,142.25,148.100006,148.100006,29830800,433.600006,442,410.5,434.290009,434.290009,16454500
2020-03-24,236.360001,247.690002,234.300003,246.880005,246.213516,71882800,369.98999,372.929993,353.029999,357.320007,357.320007,11638700,155.210007,161.309998,152.570007,160.979996,160.979996,30440400,477.299988,513.690002,474,505,505,22895200
2020-03-25,250.75,258.25,244.300003,245.520004,244.857178,75900500,361.019989,362,339.170013,342.390015,342.390015,8767200,158.919998,162.990005,153.059998,156.210007,156.210007,35184300,545.25,557,511.109985,539.25,539.25,21222700
2020-03-26,246.520004,258.679993,246.360001,258.440002,257.74231,63021800,344,363.839996,341.730011,362.98999,362.98999,7229600,158.25,164,157.020004,163.339996,163.339996,26556800,547.390015,560,512.25,528.159973,528.159973,17380700
2020-03-27,252.75,255.869995,247.050003,247.740005,247.071182,51054200,359.089996,368.559998,353,357.119995,357.119995,7948800,158.199997,160.089996,154.75,156.789993,156.789993,24879900,505,525.799988,494.029999,514.359985,514.359985,14377400
2020-03-30,250.740005,255.520004,249.399994,254.809998,254.122101,41994100,363,377.799988,361.170013,370.959991,370.959991,8622000,159.179993,166.75,158.059998,165.949997,165.949997,22515200,510.26001,516.650024,491.230011,502.130005,502.130005,11998100
2020-03-31,255.600006,262.48999,252,254.289993,253.6035,49250500,367.929993,383.01001,366.440002,375.5,375.5,9366500,165.479996,170.929993,164.199997,166.800003,166.800003,23676300,501.25,542.960022,497,524,524,17771500
2020-04-01,246.5,248.720001,239.130005,240.910004,240.259628,44054600,376.049988,380.230011,361.019989,364.079987,364.079987,6672500,161.619995,164.149994,158.039993,159.600006,159.600006,19507600,504,513.950012,475.100006,481.559998,481.559998,13353200
2020-04-02,240.339996,245.149994,236.899994,244.929993,244.268768,41483500,364.079987,370.98999,360.059998,370.079987,370.079987,4592500,159.100006,161.350006,155.919998,158.190002,158.190002,20886300,481.029999,494.26001,446.399994,454.470001,454.470001,19858400
2020-04-03,242.800003,245.699997,238.970001,241.410004,240.75827,32470000,367.470001,370.899994,357.51001,361.76001,361.76001,4860800,157.149994,157.910004,150.830002,154.179993,154.179993,25983300,509.5,515.48999,468.390015,480.01001,480.01001,22562100
2020-04-06,250.899994,263.109985,249.380005,262.470001,261.761414,50455100,365.220001,380.290009,361.709991,379.959991,379.959991,8183900,160.149994,166.199997,158.509995,165.550003,165.550003,28453600,511.200012,521,497.959991,516.23999,516.23999,14901800
2020-04-07,270.799988,271.700012,259,259.429993,258.729614,50721800,380,381.329987,369.339996,372.279999,372.279999,7046400,171.789993,173.389999,166.009995,168.830002,168.830002,31411900,545,565,532.340027,545.450012,545.450012,17919800
2020-04-08,262.73999,267.369995,261.230011,266.070007,265.351715,42223800,374.01001,378.390015,368.309998,371.119995,371.119995,6908900,171.25,175,167.740005,174.279999,174.279999,21664200,554.200012,557.210022,533.330017,548.840027,548.840027,12656000
2020-04-09,268.700012,270.070007,264.700012,267.98999,267.26651,40529100,371.059998,372.100006,363.029999,370.720001,370.720001,7711300,175.899994,177.080002,171.570007,175.190002,175.190002,23534300,562.090027,575.179993,557.109985,573,573,13650000
2020-04-13,268.309998,273.700012,265.829987,273.25,272.512329,32755700,371.309998,400.51001,367.700012,396.720001,396.720001,11692900,173.669998,175,169.449997,174.789993,174.789993,19355400,590.159973,652,580.530029,650.950012,650.950012,22475400
2020-04-14,280,288.25,278.049988,287.049988,286.275055,48748700,397.5,417.820007,394.850006,413.549988,413.549988,11581000,178.979996,181.229996,176.619995,178.169998,178.169998,21011800,698.969971,741.880005,692.429993,709.890015,709.890015,30576500
2020-04-15,282.399994,286.329987,280.630005,284.429993,283.66214,32788600,413,434.980011,412.25,426.75,426.75,13561200,175.190002,178.190002,172.820007,176.970001,176.970001,17423000,742,753.130005,710,729.830017,729.830017,23577000
2020-04-16,287.380005,288.200012,282.350006,286.690002,285.916046,39281300,437,449.519989,431.609985,439.170013,439.170013,16128700,177.949997,178.050003,172.509995,176.25,176.25,23593200,716.940002,759.450012,706.719971,745.210022,745.210022,20657900
2020-04-17,284.690002,286.950012,276.859985,282.799988,282.03653,53812500,431,432,414.700012,422.959991,422.959991,12616300,179.199997,180.279999,176.660004,179.240005,179.240005,20974800,772.280029,774.950012,747.659973,753.890015,753.890015,13128200
2020-04-20,277.950012,281.679993,276.850006,276.929993,276.182373,32503800,435.170013,444.48999,430.559998,437.48999,437.48999,12655800,177.410004,180.5,176.770004,178.240005,178.240005,16110700,732.700012,765.570007,712.210022,746.359985,746.359985,14746600
2020-04-21,276.279999,277.25,265.429993,268.369995,267.645477,45247900,444.769989,447,425.600006,433.829987,433.829987,23177600,175.25,175.380005,168.339996,170.800003,170.800003,24850500,730.119995,753.330017,673.789978,686.719971,686.719971,20209100
2020-04-22,273.609985,277.899994,272.200012,276.100006,275.354614,29264300,429.730011,433,413,421.420013,421.420013,21123800,178.449997,184.779999,178.139999,182.279999,182.279999,33369900,703.97998,734,688.710022,732.109985,732.109985,14224800
2020-04-23,275.869995,281.75,274.869995,275.029999,274.287506,31203600,419.26001,438.410004,419.26001,426.700012,426.700012,13952300,184.080002,187.050003,183.149994,185.130005,185.130005,21426600,727.599976,734,703.130005,705.630005,705.630005,13236700
2020-04-24,277.200012,283.01001,277,282.970001,282.206085,31627200,425,427.170013,415.880005,424.98999,424.98999,8670400,183.229996,190.410004,180.830002,190.070007,190.070007,28868500,710.809998,730.72998,698.179993,725.150024,725.150024,13237600
2020-04-27,281.799988,284.540009,279.950012,283.170013,282.405548,29271900,425,429,420.839996,421.380005,421.380005,6277500,192.660004,193.75,187.410004,187.5,187.5,29197800,737.609985,799.48999,735,798.75,798.75,20681400
2020-04-28,285.079987,285.829987,278.200012,278.579987,277.827911,28001200,419.98999,421,402.910004,403.829987,403.829987,10101200,188.660004,189.199997,182.559998,182.910004,182.910004,21731000,795.640015,805,756.690002,769.119995,769.119995,15222000
2020-04-29,284.730011,289.670013,283.890015,287.730011,286.953247,34320200,399.529999,415.859985,393.600006,411.890015,411.890015,9693100,190.929993,196.910004,190,194.190002,194.190002,45954500,790.169983,803.200012,783.159973,800.51001,800.51001,16216000
2020-04-30,289.959991,294.529999,288.350006,293.799988,293.006836,45457600,410.309998,424.440002,408,419.850006,419.850006,7939400,206.919998,209.690002,201.570007,204.710007,204.710007,46173300,855.190002,869.820007,763.5,781.880005,781.880005,28400100
2020-05-01,286.25,299,285.850006,289.070007,288.289612,60154200,415.100006,427.970001,411.730011,415.269989,415.269989,8299900,201.600006,207.279999,199.050003,202.270004,202.270004,30415600,755,772.77002,683.039978,701.320007,701.320007,32531800
2020-05-04,289.170013,293.690002,286.320007,293.160004,292.368561,33392000,417.779999,428.540009,414.869995,428.149994,428.149994,7799100,200.199997,205.910004,198.759995,205.259995,205.259995,19250700,701,762,698,761.190002,761.190002,19237100
2020-05-05,295.059998,301,294.459991,297.559998,296.756683,36937800,427.559998,431,421.559998,424.679993,424.679993,6286300,207.020004,210.380005,206.5,207.070007,207.070007,21071200,789.789978,798.919983,762.179993,768.210022,768.210022,16991700
2020-05-06,300.459991,303.23999,298.869995,300.630005,299.81839,35583400,429.299988,439.769989,426.390015,434.26001,434.26001,6660700,208.119995,211.600006,206.660004,208.470001,208.470001,21857000,776.5,789.799988,761.109985,782.580017,782.580017,11123200
2020-05-07,303.220001,305.170013,301.970001,303.73999,302.919983,28803800,436.890015,438.880005,430.660004,436.529999,436.529999,5641900,211.160004,211.600006,209.039993,211.259995,211.259995,15152000,777.210022,796.400024,772.349976,780.039978,780.039978,11527700
2020-05-08,305.640015,310.350006,304.290009,310.130005,310.130005,33512000,434.140015,442,433.640015,435.549988,435.549988,5054300,212.240005,213.210007,210.850006,212.350006,212.350006,12524000,793.77002,824,787.01001,819.419983,819.419983,16130100
2020-05-11,308.100006,317.049988,307.23999,315.01001,315.01001,36405900,436.329987,444.890015,435.559998,440.519989,440.519989,5480300,210.889999,215,210.369995,213.179993,213.179993,12893100,790.51001,824,785,811.289978,811.289978,16471100
2020-05-12,317.829987,319.690002,310.910004,311.410004,311.410004,40575300,442,444.170013,431.359985,431.820007,431.820007,4598200,213.289993,215.279999,210,210.100006,210.100006,14704600,827,843.289978,808,809.409973,809.409973,15906900
2020-05-13,312.149994,315.950012,303.209991,307.649994,307.649994,50155600,435.690002,447,427.269989,438.269989,438.269989,7014600,209.429993,210.779999,202.110001,205.100006,205.100006,20684600,820.830017,826,763.299988,790.960022,790.960022,19065500
2020-05-14,304.51001,309.790009,301.529999,309.540009,309.540009,39732300,444.899994,452.380005,432.820007,441.950012,441.950012,9007500,202.559998,206.929993,200.690002,206.809998,206.809998,17178900,780,803.359985,764,803.330017,803.330017,13682200
2020-05-15,300.350006,307.899994,300.209991,307.709991,307.709991,41587100,440.700012,455,437.51001,454.190002,454.190002,7244000,205.270004,211.339996,204.119995,210.880005,210.880005,19383200,790.349976,805.049988,786.549988,799.169983,799.169983,10518400
2020-05-18,313.170013,316.5,310.320007,314.959991,314.959991,33843100,451.160004,456.359985,443.350006,452.579987,452.579987,7780300,212.149994,214.639999,210.940002,213.190002,213.190002,20167400,827.780029,834.719971,803.880005,813.630005,813.630005,11698100
2020-05-19,315.029999,318.519989,313.01001,313.140015,313.140015,25432400,453.399994,458.970001,450.470001,451.040009,451.040009,4810500,213.270004,220.490005,212.830002,216.880005,216.880005,31843200,815.169983,822.070007,806.080017,808.01001,808.01001,9636500
2020-05-20,316.679993,319.519989,316.519989,319.230011,319.230011,27876200,454.25,455.809998,444,447.670013,447.670013,5607300,223.5,231.339996,223.190002,229.970001,229.970001,50162900,820.5,826,811.799988,815.559998,815.559998,7309300
2020-05-21,318.660004,320.890015,315.869995,316.850006,316.850006,25672200,448.559998,448.959991,430.25,436.25,436.25,9117300,234.720001,237.199997,231.199997,231.389999,231.389999,47782600,816,832.5,796,827.599976,827.599976,12254600
2020-05-22,315.769989,319.230011,315.350006,318.890015,318.890015,20450800,437,439.089996,427.179993,429.320007,429.320007,5422300,231.509995,235.990005,228.740005,234.910004,234.910004,33925600,822.169983,831.780029,812,816.880005,816.880005,9987500
2020-05-26,323.5,324.23999,316.5,316.730011,316.730011,31380500,427.769989,428.5,413.140015,414.769989,414.769989,7881100,239.770004,240.899994,231.669998,232.199997,232.199997,33178300,834.5,834.599976,815.710022,818.869995,818.869995,8089700
2020-05-27,316.140015,318.709991,313.089996,318.109985,318.109985,28236300,410.380005,420.019989,397.859985,419.890015,419.890015,10446300,229.070007,230.559998,221.130005,229.139999,229.139999,34697600,820.859985,827.710022,785,820.22998,820.22998,11549500
2020-05-28,316.769989,323.440002,315.630005,318.25,318.25,33390200,417.23999,422.369995,411.5,413.440002,413.440002,5655100,224.300003,231.630005,224,225.460007,225.460007,29377200,813.51001,824.75,801.690002,805.809998,805.809998,7255600
2020-05-29,319.25,321.149994,316.470001,317.940002,317.940002,38399500,417.459991,420.299988,411.850006,419.730011,419.730011,5270500,225.199997,227.490005,222.880005,225.089996,225.089996,23322500,808.75,835,804.210022,835,835,11812500
2020-06-01,317.75,322.350006,317.209991,321.850006,321.850006,20197800,418.829987,426.720001,415.980011,425.920013,425.920013,3743700,224.589996,232.440002,223.5,231.910004,231.910004,18223800,858,899,854.099976,898.099976,898.099976,14939500
2020-06-02,320.75,323.440002,318.929993,323.339996,323.339996,21910700,425.869995,427.589996,419.459991,427.309998,427.309998,3494800,230.940002,233,226.559998,232.720001,232.720001,20919000,894.700012,908.659973,871,881.559998,881.559998,13565600
2020-06-03,324.660004,326.200012,322.299988,325.119995,325.119995,26122800,426.950012,427.100006,418.049988,421.970001,421.970001,4316000,232.110001,232.649994,228.529999,230.160004,230.160004,15380300,888.119995,897.940002,880.099976,882.960022,882.960022,7949500
2020-06-04,324.390015,325.619995,320.779999,322.320007,322.320007,21890100,422.390015,428.709991,410.029999,414.329987,414.329987,5410500,229.559998,231.630005,224.610001,226.289993,226.289993,17041500,889.880005,895.75,858.440002,864.380005,864.380005,8887700
2020-06-05,323.350006,331.75,323.230011,331.5,331.5,34312600,407.290009,420.23999,404.25,419.600006,419.600006,5099600,226.710007,231.350006,225.309998,230.770004,230.770004,16750400,877.840027,886.52002,866.200012,885.659973,885.659973,7811900
2020-06-08,330.25,333.600006,327.320007,333.459991,333.459991,23913600,416,420.799988,406.5,419.48999,419.48999,5851500,229.029999,231.550003,227.410004,231.399994,231.399994,15466500,919,950,909.159973,949.919983,949.919983,14174700
2020-06-09,332.140015,345.609985,332.01001,343.98999,343.98999,36928100,421.649994,434.730011,420.309998,434.049988,434.049988,6797000,231.520004,239.770004,230.410004,238.669998,238.669998,27462900,940.01001,954.440002,923.929993,940.669983,940.669983,11388200
2020-06-10,347.899994,354.769989,346.089996,352.839996,352.839996,41662900,436,439.690002,430.549988,434.480011,434.480011,4896900,240.960007,241.210007,235.279999,236.729996,236.729996,20720700,991.880005,1027.47998,982.5,1025.050049,1025.050049,18563400
2020-06-11,349.309998,351.059998,335.480011,335.899994,335.899994,50415600,428.200012,445.570007,424.160004,425.559998,425.559998,7462900,229.940002,232.889999,223.550003,224.429993,224.429993,26708200,990.200012,1018.960022,972,972.840027,972.840027,15916500
2020-06-12,344.720001,347.799988,334.220001,338.799988,338.799988,50001500,429,434.059998,412.450012,418.070007,418.070007,6457400,229.899994,231.660004,224.5,228.580002,228.580002,22071700,980,987.97998,912.599976,935.280029,935.280029,16730200
2020-06-15,333.25,345.679993,332.579987,342.98999,342.98999,34702200,421.399994,426.48999,415.420013,425.5,425.5,4467900,225.089996,233.770004,224.800003,232.5,232.5,15340300,917.789978,998.840027,908.5,990.900024,990.900024,15697200
2020-06-16,351.459991,353.200012,344.720001,352.079987,352.079987,41357200,425.76001,437.959991,425.179993,436.130005,436.130005,5507900,237.139999,238.460007,233,235.649994,235.649994,15236700,1011.849976,1012.880005,962.390015,982.130005,982.130005,14051100
2020-06-17,355.149994,355.399994,351.089996,351.589996,351.589996,28532000,441.820007,450.459991,439.220001,447.769989,447.769989,6522400,235,237.589996,231.729996,235.529999,235.529999,19552800,987.710022,1005,982.570007,991.789978,991.789978,9869400
2020-06-18,351.410004,353.450012,349.220001,351.730011,351.730011,24205100,448.730011,452.76001,442.799988,449.869995,449.869995,4277600,234.990005,236.139999,232.149994,235.940002,235.940002,15782500,1003,1019.200012,994.469971,1003.960022,1003.960022,9751900
2020-06-19,354.640015,356.559998,345.149994,349.720001,349.720001,66119000,449.119995,453.970001,445.600006,453.720001,453.720001,5934500,237.789993,240.830002,235.550003,238.789993,238.789993,30081300,1012.780029,1015.969971,991.340027,1000.900024,1000.900024,8679700
2020-06-22,351.339996,359.459991,351.149994,358.869995,358.869995,33861300,455.01001,468.589996,454.209991,468.040009,468.040009,6272100,238.559998,240.699997,236.910004,239.220001,239.220001,18917800,999.950012,1008.880005,990.02002,994.320007,994.320007,6362400
2020-06-23,364,372.380005,362.269989,366.529999,366.529999,53038900,466.5,474.01001,464.5,466.26001,466.26001,5948400,241.279999,245.190002,239.860001,242.240005,242.240005,24017900,998.880005,1012,994.01001,1001.780029,1001.780029,6365300
2020-06-24,365,368.790009,358.519989,360.059998,360.059998,48155800,468.540009,472.359985,454,457.850006,457.850006,4826200,241.199997,243.220001,232.679993,234.020004,234.020004,20834900,994.109985,1000.880005,953.140015,960.849976,960.849976,10959600
2020-06-25,360.700012,365,357.570007,364.839996,364.839996,34380600,458.859985,467.01001,454,465.910004,465.910004,4134500,234.619995,237.300003,232.740005,235.679993,235.679993,18704300,954.27002,985.97998,937.150024,985.97998,985.97998,9254500
2020-06-26,364.410004,365.320007,353.019989,353.630005,353.630005,51314200,466.390015,468.029999,442.23999,443.399994,443.399994,6804700,232.639999,233.089996,215.399994,216.080002,216.080002,76343900,994.780029,995,954.869995,959.73999,959.73999,8854900
2020-06-29,353.25,362.170013,351.279999,361.779999,361.779999,32661500,445.230011,447.670013,432.140015,447.23999,447.23999,4844000,209.75,220.75,207.110001,220.639999,220.639999,58514300,969.01001,1010,948.52002,1009.349976,1009.349976,9026400
2020-06-30,360.079987,365.980011,360,364.799988,364.799988,35055800,450.019989,457.589996,447,455.040009,455.040009,4198500,220.589996,227.5,218.470001,227.070007,227.070007,33927100,1006.5,1087.689941,1003.72998,1079.810059,1079.810059,16918500
2020-07-01,365.119995,367.359985,363.910004,364.109985,364.109985,27684300,454,488.230011,454,485.640015,485.640015,9705900,228.5,239,227.559998,237.550003,237.550003,43399700,1083,1135.329956,1080.5,1119.630005,1119.630005,13326900
2020-07-02,367.850006,370.470001,363.640015,364.109985,364.109985,28510400,485.640015,492.279999,475.529999,476.890015,476.890015,6351500,239,240,232.610001,233.419998,233.419998,30633600,1221.47998,1228,1185.599976,1208.660034,1208.660034,17250100